-- --------------------------------------------------------
-- Host:                         127.0.0.1
-- Server version:               5.5.28-MariaDB - mariadb.org binary distribution
-- Server OS:                    Win32
-- HeidiSQL Version:             8.1.0.4590
-- --------------------------------------------------------

/*!40101 SET @OLD_CHARACTER_SET_CLIENT=@@CHARACTER_SET_CLIENT */;
/*!40101 SET NAMES utf8 */;
/*!40014 SET @OLD_FOREIGN_KEY_CHECKS=@@FOREIGN_KEY_CHECKS, FOREIGN_KEY_CHECKS=0 */;
/*!40101 SET @OLD_SQL_MODE=@@SQL_MODE, SQL_MODE='NO_AUTO_VALUE_ON_ZERO' */;

-- Dumping database structure for allsmiles
DROP DATABASE IF EXISTS `allsmiles`;
CREATE DATABASE IF NOT EXISTS `allsmiles` /*!40100 DEFAULT CHARACTER SET utf8 */;
USE `allsmiles`;


-- Dumping structure for table allsmiles.bookings
DROP TABLE IF EXISTS `bookings`;
CREATE TABLE IF NOT EXISTS `bookings` (
  `book_id` int(10) unsigned NOT NULL AUTO_INCREMENT,
  `record_id` int(10) unsigned NOT NULL,
  `book_date` date DEFAULT NULL,
  `book_time` time DEFAULT NULL,
  `book_type` int(11) DEFAULT NULL,
  `book_category` int(11) DEFAULT NULL,
  `book_type_comment` text,
  `doctor_id` int(10) unsigned DEFAULT NULL,
  `book_status` set('BOOKED','NOT BOOKED','CANCELLED') NOT NULL DEFAULT 'NOT BOOKED',
  `appointment_status` set('CANCELLED BY CLIENT','COMPLETED','CANCELLED BY US','PENDING') NOT NULL,
  PRIMARY KEY (`book_id`),
  KEY `FK_bookings_record` (`record_id`),
  CONSTRAINT `FK_bookings_record` FOREIGN KEY (`record_id`) REFERENCES `record` (`record_id`) ON DELETE CASCADE ON UPDATE CASCADE
) ENGINE=InnoDB AUTO_INCREMENT=15 DEFAULT CHARSET=utf8;

-- Dumping data for table allsmiles.bookings: ~5 rows (approximately)
/*!40000 ALTER TABLE `bookings` DISABLE KEYS */;
INSERT INTO `bookings` (`book_id`, `record_id`, `book_date`, `book_time`, `book_type`, `book_category`, `book_type_comment`, `doctor_id`, `book_status`, `appointment_status`) VALUES
	(8, 22, '2013-04-02', '15:00:00', 7, 4, 'What do i do no...tell me', NULL, 'NOT BOOKED', ''),
	(9, 22, '2013-04-02', '14:00:00', 24, 1, 'read', 24, 'BOOKED', 'PENDING'),
	(11, 21, '2013-04-03', '14:00:00', 23, 1, 'adsasfdsfsdf', NULL, 'CANCELLED', 'CANCELLED BY US'),
	(13, 21, '2013-04-24', '15:00:00', 11, 4, 'My teeth just broke, due to tooth decay', NULL, 'NOT BOOKED', ''),
	(14, 21, '2013-04-25', '15:00:00', 7, 4, 'I had my tooth ache', NULL, 'NOT BOOKED', '');
/*!40000 ALTER TABLE `bookings` ENABLE KEYS */;


-- Dumping structure for table allsmiles.chat
DROP TABLE IF EXISTS `chat`;
CREATE TABLE IF NOT EXISTS `chat` (
  `id` int(10) unsigned NOT NULL AUTO_INCREMENT,
  `from` varchar(255) NOT NULL DEFAULT '',
  `to` varchar(255) NOT NULL DEFAULT '',
  `message` text NOT NULL,
  `sent` datetime NOT NULL DEFAULT '0000-00-00 00:00:00',
  `recd` int(10) unsigned NOT NULL DEFAULT '0',
  PRIMARY KEY (`id`)
) ENGINE=InnoDB AUTO_INCREMENT=23 DEFAULT CHARSET=utf8;

-- Dumping data for table allsmiles.chat: ~10 rows (approximately)
/*!40000 ALTER TABLE `chat` DISABLE KEYS */;
INSERT INTO `chat` (`id`, `from`, `to`, `message`, `sent`, `recd`) VALUES
	(13, 'tobi', 'receptionist', 'Peace unto thee', '2013-04-14 23:22:35', 1),
	(14, 'receptionist', 'tobi', 'what do you want', '2013-04-14 23:24:09', 1),
	(15, 'receptionist', 'tobi', 'i am fed up', '2013-04-14 23:25:03', 1),
	(16, 'tobi', 'receptionist', 'ok', '2013-04-14 23:25:07', 1),
	(17, 'receptionist', 'tobi', 'so what do you want', '2013-04-14 23:25:19', 1),
	(18, 'tobi', 'receptionist', 'this time', '2013-04-14 23:27:19', 1),
	(19, 'receptionist', 'tobi', 'ts', '2013-04-14 23:27:29', 1),
	(20, 'tobi', 'receptionist', 'last time', '2013-04-14 23:27:35', 1),
	(21, 'receptionist', 'tobi', 'i need you', '2013-04-14 23:27:46', 1),
	(22, 'tobi', 'receptionist', 'i know love', '2013-04-14 23:27:55', 1);
/*!40000 ALTER TABLE `chat` ENABLE KEYS */;


-- Dumping structure for table allsmiles.checking_patient_map
DROP TABLE IF EXISTS `checking_patient_map`;
CREATE TABLE IF NOT EXISTS `checking_patient_map` (
  `auto_id` int(11) NOT NULL AUTO_INCREMENT,
  `patient_id` int(11) NOT NULL,
  `checking_id` int(11) NOT NULL,
  `date` datetime NOT NULL,
  `comment` varchar(500) DEFAULT NULL,
  `create_by` int(11) NOT NULL,
  `create_on` timestamp NOT NULL DEFAULT '0000-00-00 00:00:00',
  `change_by` int(11) NOT NULL,
  `change_on` timestamp NOT NULL DEFAULT CURRENT_TIMESTAMP ON UPDATE CURRENT_TIMESTAMP,
  PRIMARY KEY (`auto_id`),
  KEY `fk_user_id` (`patient_id`,`create_by`,`change_by`),
  KEY `fk_checking_id` (`checking_id`)
) ENGINE=InnoDB DEFAULT CHARSET=latin1;

-- Dumping data for table allsmiles.checking_patient_map: ~0 rows (approximately)
/*!40000 ALTER TABLE `checking_patient_map` DISABLE KEYS */;
/*!40000 ALTER TABLE `checking_patient_map` ENABLE KEYS */;


-- Dumping structure for table allsmiles.doctor_patient_map
DROP TABLE IF EXISTS `doctor_patient_map`;
CREATE TABLE IF NOT EXISTS `doctor_patient_map` (
  `auto_id` int(11) NOT NULL AUTO_INCREMENT,
  `doctor_id` int(11) NOT NULL,
  `patient_id` int(11) NOT NULL,
  `channel_date` date NOT NULL,
  `comment` varchar(500) DEFAULT NULL,
  `create_by` int(11) NOT NULL,
  `create_on` timestamp NOT NULL DEFAULT '0000-00-00 00:00:00',
  `change_by` int(11) NOT NULL,
  `change_on` timestamp NOT NULL DEFAULT CURRENT_TIMESTAMP ON UPDATE CURRENT_TIMESTAMP,
  `checking_patient_status` tinyint(1) NOT NULL,
  PRIMARY KEY (`auto_id`),
  KEY `fk_doctor_id` (`doctor_id`),
  KEY `fk_user_id` (`patient_id`,`doctor_id`,`create_by`,`change_by`)
) ENGINE=InnoDB DEFAULT CHARSET=latin1;

-- Dumping data for table allsmiles.doctor_patient_map: ~0 rows (approximately)
/*!40000 ALTER TABLE `doctor_patient_map` DISABLE KEYS */;
/*!40000 ALTER TABLE `doctor_patient_map` ENABLE KEYS */;


-- Dumping structure for table allsmiles.doctor_specialist_map
DROP TABLE IF EXISTS `doctor_specialist_map`;
CREATE TABLE IF NOT EXISTS `doctor_specialist_map` (
  `auto_id` int(11) NOT NULL AUTO_INCREMENT,
  `record_id` int(11) unsigned NOT NULL COMMENT 'This ID is also the record ID',
  `specialist_id` int(11) NOT NULL,
  PRIMARY KEY (`auto_id`),
  KEY `fk_doctor_id` (`record_id`),
  KEY `fk_special_id` (`specialist_id`),
  CONSTRAINT `FK_doctor_specialist_map_record` FOREIGN KEY (`record_id`) REFERENCES `record` (`record_id`) ON DELETE CASCADE ON UPDATE CASCADE
) ENGINE=InnoDB AUTO_INCREMENT=4 DEFAULT CHARSET=latin1;

-- Dumping data for table allsmiles.doctor_specialist_map: ~3 rows (approximately)
/*!40000 ALTER TABLE `doctor_specialist_map` DISABLE KEYS */;
INSERT INTO `doctor_specialist_map` (`auto_id`, `record_id`, `specialist_id`) VALUES
	(1, 24, 1),
	(2, 25, 4),
	(3, 26, 2);
/*!40000 ALTER TABLE `doctor_specialist_map` ENABLE KEYS */;


-- Dumping structure for table allsmiles.messaging
DROP TABLE IF EXISTS `messaging`;
CREATE TABLE IF NOT EXISTS `messaging` (
  `msg_id` int(10) unsigned NOT NULL AUTO_INCREMENT,
  `record_id` int(10) unsigned NOT NULL,
  `msg_title` varchar(50) DEFAULT NULL,
  `msg_content` text,
  `recipient` char(128) NOT NULL,
  `msg_datetime` timestamp NOT NULL DEFAULT CURRENT_TIMESTAMP,
  `msg_status` char(50) DEFAULT 'Unread',
  PRIMARY KEY (`msg_id`),
  KEY `FK_messaging_record` (`record_id`),
  CONSTRAINT `FK_messaging_record` FOREIGN KEY (`record_id`) REFERENCES `record` (`record_id`) ON DELETE NO ACTION ON UPDATE NO ACTION
) ENGINE=InnoDB AUTO_INCREMENT=7 DEFAULT CHARSET=utf8;

-- Dumping data for table allsmiles.messaging: ~5 rows (approximately)
/*!40000 ALTER TABLE `messaging` DISABLE KEYS */;
INSERT INTO `messaging` (`msg_id`, `record_id`, `msg_title`, `msg_content`, `recipient`, `msg_datetime`, `msg_status`) VALUES
	(1, 22, 'The New Privacy and Policy Plan', 'Dear Ketsia,Allsmiles dental clinic is willing to offer your preffered services to you at the way you want it, but it will require more charges from you.', 'b@b.com', '2013-04-10 09:08:24', 'read'),
	(2, 22, 'New Message Testing', 'Dear Ketsia,We are Happy to hear from you', 'b@b.com', '2013-04-10 09:21:46', 'Unread'),
	(3, 22, 'New Message Testing', '&lt;span style=\\&quot;font-weight: bold;\\&quot;&gt;Dear Ketsia,&lt;br /&gt;&lt;/span&gt;&lt;br /&gt;We are Happy to hear from you', 'b@b.com', '2013-04-10 09:25:57', 'read'),
	(5, 22, 'Booking Appointment Confirmation', '\r\n				&lt;div class=&quot;display:block; overflow:hidden; &quot;&gt;\r\n								&lt;div style=&quot;background:#333333; padding:5px 15px; font-size:14px; color:#FFFFFF&quot;&gt;\r\n									Booking Appointment COnfirm Details\r\n								&lt;/div&gt;\r\n								&lt;div style=&quot;padding:5px 10px; font-size:13px;border:1px solid #666666; line-height:22px;&quot;&gt;\r\n									Dear Receptionist M Receptionist,\r\n									\r\n									Your booking for the date Tuesday, April 2, 2013, 2:00 PM is confirmed, you are expected to visit to the clinic\r\n									\r\n									&lt;div style=&quot;margin-top:30px; border-top:1px solid #CCCCCC; background:#FEFEFE; padding:5px; 10px&quot;&gt;\r\n										This email is an automated mail from Allsmiles dental clinic, please do not reply to it\r\n									&lt;/div&gt;\r\n								&lt;/div&gt;\r\n								\r\n							&lt;/div&gt;\r\n				', 'info@allsmilesclinic.com', '2013-04-10 12:40:32', 'Unread'),
	(6, 22, 'Booking Appointment Confirmation', '\r\n				&lt;div class=&quot;display:block; overflow:hidden; &quot;&gt;\r\n								&lt;div style=&quot;background:#333333; padding:5px 15px; font-size:14px; color:#FFFFFF&quot;&gt;\r\n									Booking Appointment Cancellation\r\n								&lt;/div&gt;\r\n								&lt;div style=&quot;padding:5px 10px; font-size:13px;border:1px solid #666666; line-height:22px;&quot;&gt;\r\n									Dear ketsia ketsia ketsia,\r\n									\r\n									Your booking for the date Wednesday, April 3, 2013, 2:00 PM has being cancelled, you are expected to contact the clinic for more details\r\n									\r\n									&lt;div style=&quot;margin-top:30px; border-top:1px solid #CCCCCC; background:#FEFEFE; padding:5px; 10px&quot;&gt;\r\n										This email is an automated mail from Allsmiles dental clinic, please do not reply to it\r\n									&lt;/div&gt;\r\n								&lt;/div&gt;\r\n								\r\n							&lt;/div&gt;\r\n				', 'info@allsmilesclinic.com', '2013-04-10 12:45:04', 'Unread');
/*!40000 ALTER TABLE `messaging` ENABLE KEYS */;


-- Dumping structure for table allsmiles.newsletter
DROP TABLE IF EXISTS `newsletter`;
CREATE TABLE IF NOT EXISTS `newsletter` (
  `news_id` int(10) DEFAULT NULL,
  `to_email` int(10) DEFAULT NULL,
  `to_subject` int(10) DEFAULT NULL,
  `to_content` int(10) DEFAULT NULL,
  `news_date` int(10) DEFAULT NULL
) ENGINE=InnoDB DEFAULT CHARSET=utf8;

-- Dumping data for table allsmiles.newsletter: ~0 rows (approximately)
/*!40000 ALTER TABLE `newsletter` DISABLE KEYS */;
/*!40000 ALTER TABLE `newsletter` ENABLE KEYS */;


-- Dumping structure for table allsmiles.record
DROP TABLE IF EXISTS `record`;
CREATE TABLE IF NOT EXISTS `record` (
  `record_id` int(10) unsigned NOT NULL AUTO_INCREMENT,
  `role_type` int(11) NOT NULL,
  `username` varchar(255) NOT NULL,
  `password` varchar(50) NOT NULL,
  `authorized` tinyint(4) NOT NULL,
  `title` varchar(30) DEFAULT NULL,
  `fname` varchar(255) DEFAULT NULL,
  `mname` varchar(255) DEFAULT NULL,
  `lname` varchar(255) DEFAULT NULL,
  `dob` date DEFAULT NULL,
  `sex` enum('M','F') DEFAULT NULL,
  `federaltaxid` varchar(255) DEFAULT NULL,
  `phone` varchar(30) DEFAULT NULL,
  `fax` varchar(30) DEFAULT NULL,
  `email` varchar(255) DEFAULT NULL,
  `url` varchar(255) DEFAULT NULL,
  `occupation` varchar(50) DEFAULT NULL,
  `organisation` varchar(255) DEFAULT NULL,
  `street` varchar(200) DEFAULT NULL,
  `streetb` varchar(200) DEFAULT NULL,
  `city` varchar(30) DEFAULT NULL,
  `state` varchar(30) DEFAULT NULL,
  `zip` varchar(20) DEFAULT NULL,
  `nextofkinfullname` varchar(200) DEFAULT NULL,
  `nextofkinstreet2` varchar(200) DEFAULT NULL,
  `nextofkinstreet2b` varchar(200) DEFAULT NULL,
  `nextofkincity2` varchar(200) DEFAULT NULL,
  `nextofkinstate2` varchar(50) DEFAULT NULL,
  `nextofkinzip2` varchar(20) DEFAULT NULL,
  `nextofkinphone` varchar(30) DEFAULT NULL,
  `country` varchar(30) DEFAULT NULL,
  `profileimage` varchar(30) DEFAULT NULL,
  `newsletter_period` char(50) DEFAULT NULL,
  PRIMARY KEY (`record_id`),
  UNIQUE KEY `username` (`username`),
  KEY `FK_record_role` (`role_type`),
  CONSTRAINT `FK_record_role` FOREIGN KEY (`role_type`) REFERENCES `role` (`role_id`) ON DELETE NO ACTION ON UPDATE CASCADE
) ENGINE=InnoDB AUTO_INCREMENT=27 DEFAULT CHARSET=utf8;

-- Dumping data for table allsmiles.record: ~7 rows (approximately)
/*!40000 ALTER TABLE `record` DISABLE KEYS */;
INSERT INTO `record` (`record_id`, `role_type`, `username`, `password`, `authorized`, `title`, `fname`, `mname`, `lname`, `dob`, `sex`, `federaltaxid`, `phone`, `fax`, `email`, `url`, `occupation`, `organisation`, `street`, `streetb`, `city`, `state`, `zip`, `nextofkinfullname`, `nextofkinstreet2`, `nextofkinstreet2b`, `nextofkincity2`, `nextofkinstate2`, `nextofkinzip2`, `nextofkinphone`, `country`, `profileimage`, `newsletter_period`) VALUES
	(20, 1, 'tobi', 'tobi', 1, 'Mr', 'tobi', 'tobi', 'tobi', '0000-00-00', NULL, NULL, '534534', NULL, 'a@a.com', NULL, NULL, NULL, 'tobi', 'tobi', 'tobi', NULL, NULL, NULL, NULL, NULL, NULL, NULL, NULL, NULL, 'Nigeria', '', NULL),
	(21, 3, 'ketsia', 'ketsia', 1, 'Mr', 'ketsia', 'ketsia', 'Frenxi', '1982-05-06', 'M', '', '4742454', '', 'bolt@yahoo.com', NULL, '', '', 'No 25, Norway road, Kings and Queens Avenue. Lagos, Nigeria', 'No 1, Peace way, Off Rugged Helmet. Lagos, Nigeria', 'ketsia', NULL, NULL, '', '', '', '', NULL, NULL, '', 'Mauritius', '', NULL),
	(22, 5, 'receptionist', 'receptionist', 1, 'Mr', 'Receptionist', 'M', 'Receptionist', '2006-08-17', 'M', '89787', '32423423', '879', 'toby4ever@jhb.com', NULL, 'uhkj', 'jhgb', 'receptionist', 'receptionist', 'receptionist', NULL, NULL, '', '', '', '', NULL, NULL, '', 'Mauritius', '1364802398.jpg', NULL),
	(23, 3, 'mstphly', 'dontchusee', 1, 'Mr', 'Mustapha', 'M M A', 'MUhammad', '1991-01-09', 'M', NULL, '9888626', NULL, 'info@allsmilesclinic.com', NULL, NULL, NULL, 'No.11 Impasse Argentine, Remy Ollier, Bonne Terre', '', 'Vacoas', NULL, NULL, NULL, NULL, NULL, NULL, NULL, NULL, NULL, 'Mauritius', '', NULL),
	(24, 2, 'orthondon1', 'orthondon1', 1, 'Mr', 'Roger', 'Philip', 'Gold', '1973-05-11', 'M', NULL, '324234353', NULL, 'd@d.com', NULL, NULL, NULL, 'Philip Roger Gold Affairs', 'Philip Roger Gold Affairs', 'Philip Roger Gold Affairs', NULL, NULL, NULL, NULL, NULL, NULL, NULL, NULL, NULL, 'Mauritius', '', NULL),
	(25, 2, 'dentist', 'dentist', 1, 'Mr', 'dentist', 'D', 'dentist', '1969-05-15', 'M', NULL, '4789102', NULL, NULL, NULL, NULL, NULL, 'No 12, Modern Express Lane, Ishaga Maritius', '', 'Black RIver', NULL, NULL, NULL, NULL, NULL, NULL, NULL, NULL, NULL, 'Mauritius', '', NULL),
	(26, 2, 'anesthetic', 'anesthetic', 1, 'Mr', 'anesthetic', 'A', 'anesthetic', '1969-05-15', 'M', NULL, '4789102', NULL, NULL, NULL, NULL, NULL, 'No 122, Synco way, cement bus stop, philadelphai. USA', '', 'Phili', NULL, NULL, NULL, NULL, NULL, NULL, NULL, NULL, NULL, 'United States', '', NULL);
/*!40000 ALTER TABLE `record` ENABLE KEYS */;


-- Dumping structure for table allsmiles.record_status
DROP TABLE IF EXISTS `record_status`;
CREATE TABLE IF NOT EXISTS `record_status` (
  `record_id` int(10) unsigned NOT NULL,
  `record_status` set('online','offline','idle','invisible') NOT NULL,
  `record_seen_date` timestamp NOT NULL DEFAULT CURRENT_TIMESTAMP ON UPDATE CURRENT_TIMESTAMP
) ENGINE=InnoDB DEFAULT CHARSET=utf8;

-- Dumping data for table allsmiles.record_status: ~5,128 rows (approximately)
/*!40000 ALTER TABLE `record_status` DISABLE KEYS */;
INSERT INTO `record_status` (`record_id`, `record_status`, `record_seen_date`) VALUES
	(20, '', '2013-04-14 23:00:55'),
	(20, '', '2013-04-14 23:00:55'),
	(20, '', '2013-04-14 23:00:56'),
	(20, '', '2013-04-14 23:00:57'),
	(20, '', '2013-04-14 23:00:58'),
	(20, '', '2013-04-14 23:00:59'),
	(20, '', '2013-04-14 23:01:01'),
	(20, '', '2013-04-14 23:01:02'),
	(20, '', '2013-04-14 23:01:03'),
	(20, '', '2013-04-14 23:01:04'),
	(20, '', '2013-04-14 23:01:05'),
	(20, '', '2013-04-14 23:01:06'),
	(20, '', '2013-04-14 23:01:07'),
	(20, '', '2013-04-14 23:01:08'),
	(20, '', '2013-04-14 23:01:10'),
	(20, '', '2013-04-14 23:01:11'),
	(20, '', '2013-04-14 23:01:12'),
	(20, '', '2013-04-14 23:01:13'),
	(20, '', '2013-04-14 23:01:14'),
	(20, '', '2013-04-14 23:01:15'),
	(20, '', '2013-04-14 23:01:16'),
	(20, '', '2013-04-14 23:01:17'),
	(20, '', '2013-04-14 23:01:18'),
	(20, '', '2013-04-14 23:01:19'),
	(20, '', '2013-04-14 23:01:20'),
	(20, '', '2013-04-14 23:01:21'),
	(20, '', '2013-04-14 23:01:23'),
	(20, '', '2013-04-14 23:01:26'),
	(20, '', '2013-04-14 23:01:26'),
	(20, '', '2013-04-14 23:01:28'),
	(20, '', '2013-04-14 23:01:30'),
	(20, '', '2013-04-14 23:01:32'),
	(20, '', '2013-04-14 23:01:34'),
	(20, '', '2013-04-14 23:01:36'),
	(20, '', '2013-04-14 23:01:38'),
	(20, '', '2013-04-14 23:01:38'),
	(20, '', '2013-04-14 23:01:40'),
	(20, '', '2013-04-14 23:01:41'),
	(20, '', '2013-04-14 23:01:42'),
	(20, '', '2013-04-14 23:01:43'),
	(20, '', '2013-04-14 23:01:44'),
	(20, '', '2013-04-14 23:01:45'),
	(20, '', '2013-04-14 23:01:46'),
	(20, '', '2013-04-14 23:01:47'),
	(20, '', '2013-04-14 23:01:48'),
	(20, '', '2013-04-14 23:01:50'),
	(20, '', '2013-04-14 23:01:53'),
	(20, '', '2013-04-14 23:01:55'),
	(20, '', '2013-04-14 23:01:57'),
	(20, '', '2013-04-14 23:01:59'),
	(20, '', '2013-04-14 23:02:01'),
	(20, '', '2013-04-14 23:02:03'),
	(20, '', '2013-04-14 23:02:05'),
	(20, '', '2013-04-14 23:02:07'),
	(20, '', '2013-04-14 23:02:11'),
	(20, '', '2013-04-14 23:02:15'),
	(20, '', '2013-04-14 23:02:20'),
	(20, '', '2013-04-14 23:02:24'),
	(20, '', '2013-04-14 23:02:28'),
	(20, '', '2013-04-14 23:02:32'),
	(20, '', '2013-04-14 23:02:36'),
	(20, '', '2013-04-14 23:02:40'),
	(20, '', '2013-04-14 23:02:44'),
	(20, '', '2013-04-14 23:02:52'),
	(20, '', '2013-04-14 23:03:00'),
	(20, '', '2013-04-14 23:03:08'),
	(20, '', '2013-04-14 23:03:16'),
	(20, '', '2013-04-14 23:03:24'),
	(20, '', '2013-04-14 23:03:32'),
	(20, '', '2013-04-14 23:03:40'),
	(20, '', '2013-04-14 23:03:48'),
	(20, '', '2013-04-14 23:03:56'),
	(20, '', '2013-04-14 23:04:13'),
	(20, '', '2013-04-14 23:04:29'),
	(20, '', '2013-04-14 23:04:45'),
	(20, '', '2013-04-14 23:04:46'),
	(20, '', '2013-04-14 23:04:47'),
	(20, '', '2013-04-14 23:04:48'),
	(20, '', '2013-04-14 23:04:49'),
	(20, '', '2013-04-14 23:04:50'),
	(20, '', '2013-04-14 23:04:51'),
	(20, '', '2013-04-14 23:04:52'),
	(20, '', '2013-04-14 23:04:53'),
	(20, '', '2013-04-14 23:04:54'),
	(20, '', '2013-04-14 23:04:56'),
	(20, '', '2013-04-14 23:04:58'),
	(20, '', '2013-04-14 23:05:00'),
	(20, '', '2013-04-14 23:05:02'),
	(20, '', '2013-04-14 23:05:04'),
	(20, '', '2013-04-14 23:05:06'),
	(20, '', '2013-04-14 23:05:08'),
	(20, '', '2013-04-14 23:05:10'),
	(20, '', '2013-04-14 23:05:12'),
	(20, '', '2013-04-14 23:05:16'),
	(20, '', '2013-04-14 23:05:20'),
	(20, '', '2013-04-14 23:05:25'),
	(20, '', '2013-04-14 23:05:29'),
	(20, '', '2013-04-14 23:05:33'),
	(20, '', '2013-04-14 23:05:37'),
	(20, '', '2013-04-14 23:05:41'),
	(20, '', '2013-04-14 23:05:45'),
	(20, '', '2013-04-14 23:05:49'),
	(20, '', '2013-04-14 23:05:57'),
	(20, '', '2013-04-14 23:06:05'),
	(20, '', '2013-04-14 23:06:13'),
	(20, '', '2013-04-14 23:06:21'),
	(20, '', '2013-04-14 23:06:29'),
	(20, '', '2013-04-14 23:06:37'),
	(20, '', '2013-04-14 23:06:42'),
	(20, '', '2013-04-14 23:06:43'),
	(20, '', '2013-04-14 23:06:44'),
	(20, '', '2013-04-14 23:06:45'),
	(20, '', '2013-04-14 23:06:46'),
	(20, '', '2013-04-14 23:06:47'),
	(20, '', '2013-04-14 23:06:48'),
	(20, '', '2013-04-14 23:06:48'),
	(20, '', '2013-04-14 23:06:49'),
	(20, '', '2013-04-14 23:06:50'),
	(20, '', '2013-04-14 23:06:51'),
	(20, '', '2013-04-14 23:06:52'),
	(20, '', '2013-04-14 23:06:53'),
	(20, '', '2013-04-14 23:06:55'),
	(22, '', '2013-04-14 23:06:55'),
	(20, '', '2013-04-14 23:06:56'),
	(22, '', '2013-04-14 23:06:56'),
	(20, '', '2013-04-14 23:06:57'),
	(20, '', '2013-04-14 23:06:59'),
	(20, '', '2013-04-14 23:07:01'),
	(20, '', '2013-04-14 23:07:03'),
	(20, '', '2013-04-14 23:07:05'),
	(20, '', '2013-04-14 23:07:07'),
	(22, '', '2013-04-14 23:07:08'),
	(22, '', '2013-04-14 23:07:09'),
	(22, '', '2013-04-14 23:09:32'),
	(22, '', '2013-04-14 23:09:33'),
	(22, '', '2013-04-14 23:09:42'),
	(22, '', '2013-04-14 23:09:43'),
	(20, '', '2013-04-14 23:09:45'),
	(20, '', '2013-04-14 23:09:46'),
	(22, '', '2013-04-14 23:09:49'),
	(20, '', '2013-04-14 23:10:01'),
	(20, '', '2013-04-14 23:22:06'),
	(20, '', '2013-04-14 23:22:07'),
	(20, '', '2013-04-14 23:22:09'),
	(20, '', '2013-04-14 23:22:19'),
	(20, '', '2013-04-14 23:22:20'),
	(22, '', '2013-04-14 23:22:21'),
	(20, '', '2013-04-14 23:22:21'),
	(22, '', '2013-04-14 23:22:22'),
	(22, '', '2013-04-14 23:22:22'),
	(20, '', '2013-04-14 23:22:22'),
	(22, '', '2013-04-14 23:22:23'),
	(22, '', '2013-04-14 23:22:23'),
	(20, '', '2013-04-14 23:22:24'),
	(22, '', '2013-04-14 23:22:24'),
	(20, '', '2013-04-14 23:22:25'),
	(22, '', '2013-04-14 23:22:25'),
	(20, '', '2013-04-14 23:22:26'),
	(22, '', '2013-04-14 23:22:26'),
	(20, '', '2013-04-14 23:22:27'),
	(22, '', '2013-04-14 23:22:27'),
	(20, '', '2013-04-14 23:22:28'),
	(22, '', '2013-04-14 23:22:28'),
	(20, '', '2013-04-14 23:22:29'),
	(22, '', '2013-04-14 23:22:29'),
	(20, '', '2013-04-14 23:22:30'),
	(22, '', '2013-04-14 23:22:30'),
	(22, '', '2013-04-14 23:22:31'),
	(20, '', '2013-04-14 23:22:32'),
	(22, '', '2013-04-14 23:22:32'),
	(22, '', '2013-04-14 23:22:33'),
	(20, '', '2013-04-14 23:22:34'),
	(22, '', '2013-04-14 23:22:34'),
	(20, '', '2013-04-14 23:22:35'),
	(22, '', '2013-04-14 23:22:35'),
	(20, '', '2013-04-14 23:22:36'),
	(20, '', '2013-04-14 23:22:37'),
	(20, '', '2013-04-14 23:22:38'),
	(20, '', '2013-04-14 23:22:39'),
	(20, '', '2013-04-14 23:22:40'),
	(20, '', '2013-04-14 23:22:41'),
	(20, '', '2013-04-14 23:22:42'),
	(20, '', '2013-04-14 23:22:43'),
	(20, '', '2013-04-14 23:22:44'),
	(20, '', '2013-04-14 23:22:46'),
	(20, '', '2013-04-14 23:22:48'),
	(20, '', '2013-04-14 23:22:50'),
	(20, '', '2013-04-14 23:22:53'),
	(20, '', '2013-04-14 23:22:55'),
	(20, '', '2013-04-14 23:22:57'),
	(20, '', '2013-04-14 23:22:59'),
	(20, '', '2013-04-14 23:23:01'),
	(20, '', '2013-04-14 23:23:03'),
	(20, '', '2013-04-14 23:23:07'),
	(20, '', '2013-04-14 23:23:11'),
	(20, '', '2013-04-14 23:23:15'),
	(20, '', '2013-04-14 23:23:20'),
	(20, '', '2013-04-14 23:23:21'),
	(20, '', '2013-04-14 23:23:22'),
	(20, '', '2013-04-14 23:23:23'),
	(20, '', '2013-04-14 23:23:24'),
	(20, '', '2013-04-14 23:23:25'),
	(20, '', '2013-04-14 23:23:26'),
	(20, '', '2013-04-14 23:23:27'),
	(20, '', '2013-04-14 23:23:28'),
	(20, '', '2013-04-14 23:23:29'),
	(20, '', '2013-04-14 23:23:30'),
	(20, '', '2013-04-14 23:23:32'),
	(20, '', '2013-04-14 23:23:34'),
	(20, '', '2013-04-14 23:23:36'),
	(20, '', '2013-04-14 23:23:39'),
	(20, '', '2013-04-14 23:23:41'),
	(20, '', '2013-04-14 23:23:43'),
	(20, '', '2013-04-14 23:23:45'),
	(20, '', '2013-04-14 23:23:49'),
	(20, '', '2013-04-14 23:23:50'),
	(22, '', '2013-04-14 23:24:09'),
	(20, '', '2013-04-14 23:24:19'),
	(20, '', '2013-04-14 23:24:20'),
	(20, '', '2013-04-14 23:24:30'),
	(20, '', '2013-04-14 23:24:31'),
	(20, '', '2013-04-14 23:24:52'),
	(20, '', '2013-04-14 23:24:53'),
	(20, '', '2013-04-14 23:24:54'),
	(20, '', '2013-04-14 23:24:56'),
	(20, '', '2013-04-14 23:24:57'),
	(20, '', '2013-04-14 23:24:58'),
	(20, '', '2013-04-14 23:24:59'),
	(20, '', '2013-04-14 23:25:00'),
	(20, '', '2013-04-14 23:25:01'),
	(20, '', '2013-04-14 23:25:02'),
	(22, '', '2013-04-14 23:25:03'),
	(20, '', '2013-04-14 23:25:03'),
	(20, '', '2013-04-14 23:25:04'),
	(20, '', '2013-04-14 23:25:05'),
	(20, '', '2013-04-14 23:25:06'),
	(20, '', '2013-04-14 23:25:07'),
	(20, '', '2013-04-14 23:25:07'),
	(20, '', '2013-04-14 23:25:08'),
	(20, '', '2013-04-14 23:25:09'),
	(20, '', '2013-04-14 23:25:10'),
	(20, '', '2013-04-14 23:25:11'),
	(22, '', '2013-04-14 23:25:12'),
	(20, '', '2013-04-14 23:25:13'),
	(22, '', '2013-04-14 23:25:13'),
	(20, '', '2013-04-14 23:25:14'),
	(22, '', '2013-04-14 23:25:14'),
	(20, '', '2013-04-14 23:25:15'),
	(22, '', '2013-04-14 23:25:15'),
	(20, '', '2013-04-14 23:25:16'),
	(22, '', '2013-04-14 23:25:16'),
	(22, '', '2013-04-14 23:25:17'),
	(20, '', '2013-04-14 23:25:18'),
	(22, '', '2013-04-14 23:25:18'),
	(22, '', '2013-04-14 23:25:19'),
	(22, '', '2013-04-14 23:25:19'),
	(20, '', '2013-04-14 23:25:20'),
	(22, '', '2013-04-14 23:25:20'),
	(20, '', '2013-04-14 23:25:21'),
	(22, '', '2013-04-14 23:25:21'),
	(20, '', '2013-04-14 23:25:22'),
	(22, '', '2013-04-14 23:25:22'),
	(20, '', '2013-04-14 23:25:23'),
	(22, '', '2013-04-14 23:25:23'),
	(20, '', '2013-04-14 23:25:24'),
	(22, '', '2013-04-14 23:25:24'),
	(20, '', '2013-04-14 23:25:25'),
	(22, '', '2013-04-14 23:25:25'),
	(20, '', '2013-04-14 23:25:26'),
	(22, '', '2013-04-14 23:25:26'),
	(20, '', '2013-04-14 23:25:27'),
	(22, '', '2013-04-14 23:25:27'),
	(20, '', '2013-04-14 23:25:28'),
	(22, '', '2013-04-14 23:25:28'),
	(20, '', '2013-04-14 23:25:29'),
	(22, '', '2013-04-14 23:25:30'),
	(20, '', '2013-04-14 23:25:31'),
	(22, '', '2013-04-14 23:25:32'),
	(20, '', '2013-04-14 23:25:33'),
	(22, '', '2013-04-14 23:25:34'),
	(20, '', '2013-04-14 23:25:35'),
	(22, '', '2013-04-14 23:25:36'),
	(20, '', '2013-04-14 23:25:37'),
	(22, '', '2013-04-14 23:25:38'),
	(20, '', '2013-04-14 23:25:39'),
	(22, '', '2013-04-14 23:25:40'),
	(20, '', '2013-04-14 23:25:41'),
	(22, '', '2013-04-14 23:25:43'),
	(20, '', '2013-04-14 23:25:43'),
	(22, '', '2013-04-14 23:25:45'),
	(20, '', '2013-04-14 23:25:46'),
	(22, '', '2013-04-14 23:25:47'),
	(20, '', '2013-04-14 23:25:48'),
	(22, '', '2013-04-14 23:25:51'),
	(20, '', '2013-04-14 23:25:52'),
	(22, '', '2013-04-14 23:25:55'),
	(20, '', '2013-04-14 23:25:56'),
	(22, '', '2013-04-14 23:25:59'),
	(20, '', '2013-04-14 23:26:00'),
	(22, '', '2013-04-14 23:26:03'),
	(20, '', '2013-04-14 23:26:04'),
	(22, '', '2013-04-14 23:26:07'),
	(20, '', '2013-04-14 23:26:08'),
	(22, '', '2013-04-14 23:26:11'),
	(20, '', '2013-04-14 23:26:12'),
	(22, '', '2013-04-14 23:26:15'),
	(20, '', '2013-04-14 23:26:16'),
	(22, '', '2013-04-14 23:26:19'),
	(20, '', '2013-04-14 23:26:20'),
	(22, '', '2013-04-14 23:26:25'),
	(20, '', '2013-04-14 23:26:25'),
	(22, '', '2013-04-14 23:26:33'),
	(20, '', '2013-04-14 23:26:33'),
	(22, '', '2013-04-14 23:26:41'),
	(20, '', '2013-04-14 23:26:41'),
	(22, '', '2013-04-14 23:26:49'),
	(20, '', '2013-04-14 23:26:49'),
	(22, '', '2013-04-14 23:26:57'),
	(20, '', '2013-04-14 23:26:57'),
	(22, '', '2013-04-14 23:27:05'),
	(20, '', '2013-04-14 23:27:05'),
	(22, '', '2013-04-14 23:27:13'),
	(20, '', '2013-04-14 23:27:13'),
	(20, '', '2013-04-14 23:27:15'),
	(20, '', '2013-04-14 23:27:16'),
	(20, '', '2013-04-14 23:27:17'),
	(20, '', '2013-04-14 23:27:18'),
	(20, '', '2013-04-14 23:27:19'),
	(20, '', '2013-04-14 23:27:19'),
	(20, '', '2013-04-14 23:27:20'),
	(20, '', '2013-04-14 23:27:21'),
	(22, '', '2013-04-14 23:27:21'),
	(20, '', '2013-04-14 23:27:22'),
	(22, '', '2013-04-14 23:27:22'),
	(20, '', '2013-04-14 23:27:23'),
	(22, '', '2013-04-14 23:27:23'),
	(20, '', '2013-04-14 23:27:24'),
	(22, '', '2013-04-14 23:27:24'),
	(20, '', '2013-04-14 23:27:25'),
	(22, '', '2013-04-14 23:27:25'),
	(20, '', '2013-04-14 23:27:26'),
	(22, '', '2013-04-14 23:27:26'),
	(22, '', '2013-04-14 23:27:27'),
	(20, '', '2013-04-14 23:27:27'),
	(22, '', '2013-04-14 23:27:28'),
	(20, '', '2013-04-14 23:27:28'),
	(22, '', '2013-04-14 23:27:29'),
	(22, '', '2013-04-14 23:27:30'),
	(20, '', '2013-04-14 23:27:31'),
	(22, '', '2013-04-14 23:27:31'),
	(22, '', '2013-04-14 23:27:32'),
	(20, '', '2013-04-14 23:27:32'),
	(22, '', '2013-04-14 23:27:33'),
	(20, '', '2013-04-14 23:27:33'),
	(22, '', '2013-04-14 23:27:34'),
	(20, '', '2013-04-14 23:27:34'),
	(22, '', '2013-04-14 23:27:35'),
	(20, '', '2013-04-14 23:27:35'),
	(20, '', '2013-04-14 23:27:35'),
	(22, '', '2013-04-14 23:27:36'),
	(20, '', '2013-04-14 23:27:36'),
	(22, '', '2013-04-14 23:27:37'),
	(20, '', '2013-04-14 23:27:37'),
	(22, '', '2013-04-14 23:27:38'),
	(20, '', '2013-04-14 23:27:38'),
	(22, '', '2013-04-14 23:27:39'),
	(20, '', '2013-04-14 23:27:39'),
	(22, '', '2013-04-14 23:27:40'),
	(20, '', '2013-04-14 23:27:40'),
	(22, '', '2013-04-14 23:27:41'),
	(20, '', '2013-04-14 23:27:41'),
	(22, '', '2013-04-14 23:27:42'),
	(20, '', '2013-04-14 23:27:42'),
	(22, '', '2013-04-14 23:27:43'),
	(20, '', '2013-04-14 23:27:43'),
	(22, '', '2013-04-14 23:27:44'),
	(20, '', '2013-04-14 23:27:44'),
	(22, '', '2013-04-14 23:27:45'),
	(22, '', '2013-04-14 23:27:46'),
	(22, '', '2013-04-14 23:27:46'),
	(20, '', '2013-04-14 23:27:46'),
	(22, '', '2013-04-14 23:27:47'),
	(20, '', '2013-04-14 23:27:47'),
	(22, '', '2013-04-14 23:27:48'),
	(20, '', '2013-04-14 23:27:48'),
	(22, '', '2013-04-14 23:27:49'),
	(20, '', '2013-04-14 23:27:49'),
	(22, '', '2013-04-14 23:27:50'),
	(20, '', '2013-04-14 23:27:50'),
	(22, '', '2013-04-14 23:27:51'),
	(20, '', '2013-04-14 23:27:51'),
	(22, '', '2013-04-14 23:27:52'),
	(20, '', '2013-04-14 23:27:52'),
	(22, '', '2013-04-14 23:27:53'),
	(20, '', '2013-04-14 23:27:54'),
	(22, '', '2013-04-14 23:27:54'),
	(20, '', '2013-04-14 23:27:55'),
	(20, '', '2013-04-14 23:27:55'),
	(22, '', '2013-04-14 23:27:55'),
	(20, '', '2013-04-14 23:27:56'),
	(22, '', '2013-04-14 23:27:56'),
	(20, '', '2013-04-14 23:27:57'),
	(22, '', '2013-04-14 23:27:57'),
	(20, '', '2013-04-14 23:27:58'),
	(22, '', '2013-04-14 23:27:58'),
	(20, '', '2013-04-14 23:27:59'),
	(22, '', '2013-04-14 23:27:59'),
	(20, '', '2013-04-14 23:28:00'),
	(22, '', '2013-04-14 23:28:00'),
	(20, '', '2013-04-14 23:28:01'),
	(22, '', '2013-04-14 23:28:01'),
	(20, '', '2013-04-14 23:28:02'),
	(22, '', '2013-04-14 23:28:02'),
	(20, '', '2013-04-14 23:28:03'),
	(20, '', '2013-04-14 23:28:05'),
	(20, '', '2013-04-16 22:57:32'),
	(20, '', '2013-04-16 22:57:33'),
	(20, '', '2013-04-16 22:57:35'),
	(20, '', '2013-04-16 22:57:36'),
	(20, '', '2013-04-16 22:57:37'),
	(20, '', '2013-04-16 22:57:38'),
	(20, '', '2013-04-16 22:57:39'),
	(20, '', '2013-04-16 22:57:40'),
	(20, '', '2013-04-16 22:57:41'),
	(20, '', '2013-04-16 22:57:42'),
	(20, '', '2013-04-16 22:57:43'),
	(21, '', '2013-04-16 22:57:53'),
	(21, '', '2013-04-16 22:57:54'),
	(21, '', '2013-04-16 22:57:55'),
	(21, '', '2013-04-16 22:57:56'),
	(21, '', '2013-04-16 22:57:57'),
	(21, '', '2013-04-16 22:57:59'),
	(21, '', '2013-04-16 22:58:00'),
	(21, '', '2013-04-16 22:58:01'),
	(21, '', '2013-04-16 22:58:02'),
	(21, '', '2013-04-16 22:58:03'),
	(21, '', '2013-04-16 22:58:04'),
	(21, '', '2013-04-16 22:58:05'),
	(21, '', '2013-04-16 22:58:06'),
	(21, '', '2013-04-16 22:58:08'),
	(21, '', '2013-04-16 22:58:10'),
	(21, '', '2013-04-16 22:58:12'),
	(21, '', '2013-04-16 22:58:14'),
	(21, '', '2013-04-16 22:58:16'),
	(21, '', '2013-04-16 22:58:18'),
	(21, '', '2013-04-16 22:58:20'),
	(21, '', '2013-04-16 22:58:23'),
	(21, '', '2013-04-16 22:58:25'),
	(21, '', '2013-04-16 22:58:29'),
	(21, '', '2013-04-16 22:58:33'),
	(21, '', '2013-04-16 22:58:37'),
	(21, '', '2013-04-16 22:58:41'),
	(21, '', '2013-04-16 22:58:45'),
	(21, '', '2013-04-16 22:58:49'),
	(21, '', '2013-04-16 22:58:53'),
	(21, '', '2013-04-16 22:58:57'),
	(21, '', '2013-04-16 22:59:01'),
	(21, '', '2013-04-16 22:59:09'),
	(21, '', '2013-04-16 22:59:17'),
	(21, '', '2013-04-16 22:59:25'),
	(21, '', '2013-04-16 22:59:33'),
	(21, '', '2013-04-16 22:59:41'),
	(21, '', '2013-04-16 22:59:49'),
	(21, '', '2013-04-16 22:59:57'),
	(21, '', '2013-04-16 23:00:05'),
	(21, '', '2013-04-16 23:00:14'),
	(21, '', '2013-04-16 23:00:30'),
	(21, '', '2013-04-16 23:00:46'),
	(21, '', '2013-04-16 23:01:02'),
	(21, '', '2013-04-16 23:01:18'),
	(21, '', '2013-04-16 23:01:34'),
	(21, '', '2013-04-16 23:01:50'),
	(21, '', '2013-04-16 23:02:06'),
	(21, '', '2013-04-16 23:02:22'),
	(21, '', '2013-04-16 23:02:38'),
	(21, '', '2013-04-16 23:03:10'),
	(21, '', '2013-04-16 23:03:42'),
	(21, '', '2013-04-16 23:04:14'),
	(21, '', '2013-04-16 23:04:46'),
	(21, '', '2013-04-16 23:05:18'),
	(21, '', '2013-04-16 23:05:50'),
	(21, '', '2013-04-16 23:06:23'),
	(21, '', '2013-04-16 23:06:55'),
	(21, '', '2013-04-16 23:07:27'),
	(21, '', '2013-04-16 23:08:00'),
	(21, '', '2013-04-16 23:08:33'),
	(21, '', '2013-04-16 23:09:06'),
	(21, '', '2013-04-16 23:09:39'),
	(21, '', '2013-04-16 23:10:12'),
	(21, '', '2013-04-16 23:10:45'),
	(21, '', '2013-04-16 23:11:18'),
	(21, '', '2013-04-16 23:11:51'),
	(21, '', '2013-04-16 23:12:24'),
	(21, '', '2013-04-16 23:12:57'),
	(21, '', '2013-04-16 23:13:30'),
	(21, '', '2013-04-16 23:14:03'),
	(21, '', '2013-04-16 23:14:36'),
	(21, '', '2013-04-16 23:15:09'),
	(21, '', '2013-04-16 23:15:42'),
	(21, '', '2013-04-16 23:16:15'),
	(21, '', '2013-04-16 23:16:49'),
	(21, '', '2013-04-16 23:17:22'),
	(21, '', '2013-04-16 23:17:55'),
	(21, '', '2013-04-16 23:18:28'),
	(21, '', '2013-04-16 23:19:01'),
	(21, '', '2013-04-16 23:19:34'),
	(21, '', '2013-04-16 23:20:07'),
	(21, '', '2013-04-16 23:20:40'),
	(21, '', '2013-04-16 23:21:13'),
	(21, '', '2013-04-16 23:21:46'),
	(21, '', '2013-04-16 23:22:19'),
	(21, '', '2013-04-16 23:22:52'),
	(21, '', '2013-04-16 23:23:25'),
	(21, '', '2013-04-16 23:23:58'),
	(21, '', '2013-04-16 23:24:31'),
	(21, '', '2013-04-16 23:25:04'),
	(21, '', '2013-04-16 23:25:37'),
	(21, '', '2013-04-16 23:26:10'),
	(21, '', '2013-04-16 23:26:43'),
	(21, '', '2013-04-16 23:27:16'),
	(21, '', '2013-04-16 23:27:49'),
	(21, '', '2013-04-16 23:28:22'),
	(21, '', '2013-04-16 23:28:55'),
	(21, '', '2013-04-16 23:29:28'),
	(21, '', '2013-04-16 23:30:01'),
	(21, '', '2013-04-16 23:30:34'),
	(21, '', '2013-04-16 23:31:08'),
	(21, '', '2013-04-16 23:31:41'),
	(21, '', '2013-04-16 23:32:14'),
	(21, '', '2013-04-16 23:32:47'),
	(21, '', '2013-04-16 23:33:20'),
	(21, '', '2013-04-16 23:33:53'),
	(21, '', '2013-04-16 23:34:26'),
	(21, '', '2013-04-16 23:34:59'),
	(21, '', '2013-04-16 23:35:32'),
	(21, '', '2013-04-16 23:36:05'),
	(21, '', '2013-04-16 23:36:38'),
	(21, '', '2013-04-16 23:37:11'),
	(21, '', '2013-04-16 23:37:44'),
	(21, '', '2013-04-16 23:38:17'),
	(21, '', '2013-04-16 23:38:50'),
	(21, '', '2013-04-16 23:39:23'),
	(21, '', '2013-04-16 23:39:56'),
	(21, '', '2013-04-16 23:40:29'),
	(21, '', '2013-04-16 23:41:02'),
	(21, '', '2013-04-16 23:41:35'),
	(21, '', '2013-04-16 23:42:08'),
	(21, '', '2013-04-16 23:42:42'),
	(21, '', '2013-04-16 23:43:15'),
	(21, '', '2013-04-16 23:43:48'),
	(21, '', '2013-04-16 23:44:21'),
	(21, '', '2013-04-16 23:44:54'),
	(21, '', '2013-04-16 23:45:27'),
	(21, '', '2013-04-16 23:46:00'),
	(21, '', '2013-04-16 23:46:33'),
	(21, '', '2013-04-16 23:47:06'),
	(21, '', '2013-04-16 23:47:39'),
	(21, '', '2013-04-16 23:48:12'),
	(21, '', '2013-04-16 23:48:45'),
	(21, '', '2013-04-16 23:49:18'),
	(21, '', '2013-04-16 23:49:51'),
	(21, '', '2013-04-16 23:50:24'),
	(21, '', '2013-04-16 23:50:57'),
	(21, '', '2013-04-16 23:51:30'),
	(21, '', '2013-04-16 23:52:03'),
	(21, '', '2013-04-16 23:52:36'),
	(21, '', '2013-04-16 23:53:09'),
	(21, '', '2013-04-16 23:53:42'),
	(21, '', '2013-04-16 23:54:15'),
	(21, '', '2013-04-16 23:54:48'),
	(21, '', '2013-04-16 23:55:21'),
	(21, '', '2013-04-16 23:55:54'),
	(21, '', '2013-04-16 23:56:27'),
	(21, '', '2013-04-16 23:57:00'),
	(21, '', '2013-04-16 23:57:33'),
	(21, '', '2013-04-16 23:58:06'),
	(21, '', '2013-04-16 23:58:39'),
	(21, '', '2013-04-16 23:59:12'),
	(21, '', '2013-04-16 23:59:45'),
	(21, '', '2013-04-17 00:00:18'),
	(21, '', '2013-04-17 00:00:51'),
	(21, '', '2013-04-17 00:01:24'),
	(21, '', '2013-04-17 00:01:58'),
	(21, '', '2013-04-17 00:02:31'),
	(21, '', '2013-04-17 00:03:04'),
	(21, '', '2013-04-17 00:03:37'),
	(21, '', '2013-04-17 00:04:10'),
	(21, '', '2013-04-17 00:04:43'),
	(21, '', '2013-04-17 00:05:16'),
	(21, '', '2013-04-17 00:05:49'),
	(21, '', '2013-04-17 00:06:22'),
	(21, '', '2013-04-17 00:06:57'),
	(21, '', '2013-04-17 00:07:30'),
	(21, '', '2013-04-17 00:08:03'),
	(21, '', '2013-04-17 00:08:36'),
	(21, '', '2013-04-17 00:09:09'),
	(21, '', '2013-04-17 00:09:42'),
	(21, '', '2013-04-17 00:10:15'),
	(21, '', '2013-04-17 00:10:48'),
	(21, '', '2013-04-17 00:11:21'),
	(21, '', '2013-04-17 00:11:54'),
	(21, '', '2013-04-17 00:12:27'),
	(21, '', '2013-04-17 00:13:00'),
	(21, '', '2013-04-17 00:13:33'),
	(21, '', '2013-04-17 00:14:07'),
	(21, '', '2013-04-17 00:14:40'),
	(21, '', '2013-04-17 00:15:13'),
	(21, '', '2013-04-17 00:15:46'),
	(21, '', '2013-04-17 00:16:19'),
	(21, '', '2013-04-17 00:16:52'),
	(21, '', '2013-04-17 00:17:25'),
	(21, '', '2013-04-17 00:17:58'),
	(21, '', '2013-04-17 00:18:31'),
	(21, '', '2013-04-17 00:19:04'),
	(21, '', '2013-04-17 00:19:37'),
	(21, '', '2013-04-17 00:20:10'),
	(21, '', '2013-04-17 00:20:43'),
	(21, '', '2013-04-17 00:21:16'),
	(21, '', '2013-04-17 00:21:49'),
	(21, '', '2013-04-17 00:22:22'),
	(21, '', '2013-04-17 00:22:55'),
	(21, '', '2013-04-17 00:23:28'),
	(21, '', '2013-04-17 00:24:02'),
	(21, '', '2013-04-17 00:24:35'),
	(21, '', '2013-04-17 00:25:08'),
	(21, '', '2013-04-17 00:25:41'),
	(21, '', '2013-04-17 00:26:14'),
	(21, '', '2013-04-17 00:26:47'),
	(21, '', '2013-04-17 00:27:20'),
	(21, '', '2013-04-17 00:27:53'),
	(21, '', '2013-04-17 00:28:26'),
	(21, '', '2013-04-17 00:28:59'),
	(21, '', '2013-04-17 00:29:32'),
	(21, '', '2013-04-17 00:30:05'),
	(21, '', '2013-04-17 00:30:38'),
	(21, '', '2013-04-17 00:31:11'),
	(21, '', '2013-04-17 00:31:44'),
	(21, '', '2013-04-17 00:32:17'),
	(21, '', '2013-04-17 00:32:51'),
	(21, '', '2013-04-17 00:33:24'),
	(21, '', '2013-04-17 00:33:57'),
	(21, '', '2013-04-17 00:34:30'),
	(21, '', '2013-04-17 00:35:03'),
	(21, '', '2013-04-17 00:35:36'),
	(21, '', '2013-04-17 00:36:09'),
	(21, '', '2013-04-17 00:36:42'),
	(21, '', '2013-04-17 00:37:15'),
	(21, '', '2013-04-17 00:37:48'),
	(21, '', '2013-04-17 00:38:21'),
	(21, '', '2013-04-17 00:38:54'),
	(21, '', '2013-04-17 00:39:27'),
	(21, '', '2013-04-17 00:40:00'),
	(21, '', '2013-04-17 00:40:33'),
	(21, '', '2013-04-17 00:41:06'),
	(21, '', '2013-04-17 00:41:39'),
	(21, '', '2013-04-17 00:42:13'),
	(21, '', '2013-04-17 00:42:46'),
	(21, '', '2013-04-17 00:43:19'),
	(21, '', '2013-04-17 00:43:52'),
	(21, '', '2013-04-17 00:44:25'),
	(21, '', '2013-04-17 00:44:58'),
	(21, '', '2013-04-17 00:45:31'),
	(21, '', '2013-04-17 00:46:04'),
	(21, '', '2013-04-17 00:46:37'),
	(21, '', '2013-04-17 00:47:10'),
	(21, '', '2013-04-17 00:47:43'),
	(21, '', '2013-04-17 00:48:16'),
	(21, '', '2013-04-17 00:48:49'),
	(21, '', '2013-04-17 00:49:22'),
	(21, '', '2013-04-17 00:49:56'),
	(21, '', '2013-04-17 00:50:29'),
	(21, '', '2013-04-17 00:51:02'),
	(21, '', '2013-04-17 00:51:35'),
	(21, '', '2013-04-17 00:52:08'),
	(21, '', '2013-04-17 00:52:41'),
	(21, '', '2013-04-17 00:53:14'),
	(21, '', '2013-04-17 00:53:47'),
	(21, '', '2013-04-17 00:54:20'),
	(21, '', '2013-04-17 00:54:53'),
	(21, '', '2013-04-17 00:55:26'),
	(21, '', '2013-04-17 00:55:59'),
	(21, '', '2013-04-17 00:56:32'),
	(21, '', '2013-04-17 00:57:05'),
	(21, '', '2013-04-17 00:57:38'),
	(21, '', '2013-04-17 00:58:11'),
	(21, '', '2013-04-17 00:58:44'),
	(21, '', '2013-04-17 00:59:18'),
	(21, '', '2013-04-17 00:59:51'),
	(21, '', '2013-04-17 01:00:24'),
	(21, '', '2013-04-17 01:00:57'),
	(21, '', '2013-04-17 01:01:30'),
	(21, '', '2013-04-17 01:02:03'),
	(21, '', '2013-04-17 01:02:36'),
	(21, '', '2013-04-17 01:03:09'),
	(21, '', '2013-04-17 01:03:42'),
	(21, '', '2013-04-17 01:04:15'),
	(21, '', '2013-04-17 01:04:48'),
	(21, '', '2013-04-17 01:05:21'),
	(21, '', '2013-04-17 01:05:54'),
	(21, '', '2013-04-17 01:06:27'),
	(21, '', '2013-04-17 01:07:00'),
	(21, '', '2013-04-17 01:07:33'),
	(21, '', '2013-04-17 01:08:06'),
	(21, '', '2013-04-17 01:08:39'),
	(21, '', '2013-04-17 01:09:12'),
	(21, '', '2013-04-17 01:09:45'),
	(21, '', '2013-04-17 01:10:18'),
	(21, '', '2013-04-17 01:10:51'),
	(21, '', '2013-04-17 01:11:24'),
	(21, '', '2013-04-17 01:11:57'),
	(21, '', '2013-04-17 01:12:30'),
	(21, '', '2013-04-17 01:13:03'),
	(21, '', '2013-04-17 01:13:37'),
	(21, '', '2013-04-17 01:14:10'),
	(21, '', '2013-04-17 01:14:43'),
	(21, '', '2013-04-17 01:15:16'),
	(21, '', '2013-04-17 01:15:49'),
	(21, '', '2013-04-17 01:16:22'),
	(21, '', '2013-04-17 01:16:55'),
	(21, '', '2013-04-17 01:17:28'),
	(21, '', '2013-04-17 01:18:01'),
	(21, '', '2013-04-17 01:18:34'),
	(21, '', '2013-04-17 01:19:07'),
	(21, '', '2013-04-17 01:19:40'),
	(21, '', '2013-04-17 01:20:13'),
	(21, '', '2013-04-17 01:20:46'),
	(21, '', '2013-04-17 01:21:19'),
	(21, '', '2013-04-17 01:21:52'),
	(21, '', '2013-04-17 01:22:25'),
	(21, '', '2013-04-17 01:22:58'),
	(21, '', '2013-04-17 01:23:31'),
	(21, '', '2013-04-17 01:24:04'),
	(21, '', '2013-04-17 01:24:37'),
	(21, '', '2013-04-17 01:25:10'),
	(21, '', '2013-04-17 01:25:43'),
	(21, '', '2013-04-17 01:26:16'),
	(21, '', '2013-04-17 01:26:49'),
	(21, '', '2013-04-17 01:27:22'),
	(21, '', '2013-04-17 01:27:55'),
	(21, '', '2013-04-17 01:28:28'),
	(21, '', '2013-04-17 01:29:01'),
	(21, '', '2013-04-17 01:29:35'),
	(21, '', '2013-04-17 01:30:08'),
	(21, '', '2013-04-17 01:30:41'),
	(21, '', '2013-04-17 01:31:14'),
	(21, '', '2013-04-17 01:31:47'),
	(21, '', '2013-04-17 01:32:20'),
	(21, '', '2013-04-17 01:32:53'),
	(21, '', '2013-04-17 01:33:26'),
	(21, '', '2013-04-17 01:33:59'),
	(21, '', '2013-04-17 01:34:32'),
	(21, '', '2013-04-17 01:35:05'),
	(21, '', '2013-04-17 01:35:38'),
	(21, '', '2013-04-17 01:36:11'),
	(21, '', '2013-04-17 01:36:44'),
	(21, '', '2013-04-17 01:37:17'),
	(21, '', '2013-04-17 01:37:50'),
	(21, '', '2013-04-17 01:38:23'),
	(21, '', '2013-04-17 01:38:56'),
	(21, '', '2013-04-17 01:39:29'),
	(21, '', '2013-04-17 01:40:02'),
	(21, '', '2013-04-17 01:40:35'),
	(21, '', '2013-04-17 01:41:08'),
	(21, '', '2013-04-17 01:41:41'),
	(21, '', '2013-04-17 01:42:14'),
	(21, '', '2013-04-17 01:42:47'),
	(21, '', '2013-04-17 01:43:20'),
	(21, '', '2013-04-17 01:43:54'),
	(21, '', '2013-04-17 01:44:27'),
	(21, '', '2013-04-17 01:45:00'),
	(21, '', '2013-04-17 01:45:33'),
	(21, '', '2013-04-17 01:46:06'),
	(21, '', '2013-04-17 01:46:39'),
	(21, '', '2013-04-17 01:47:12'),
	(21, '', '2013-04-17 01:47:45'),
	(21, '', '2013-04-17 01:48:18'),
	(21, '', '2013-04-17 01:48:51'),
	(21, '', '2013-04-17 01:49:24'),
	(21, '', '2013-04-17 01:49:57'),
	(21, '', '2013-04-17 01:50:30'),
	(21, '', '2013-04-17 01:51:03'),
	(21, '', '2013-04-17 01:51:36'),
	(21, '', '2013-04-17 01:52:09'),
	(21, '', '2013-04-17 01:52:42'),
	(21, '', '2013-04-17 01:53:15'),
	(21, '', '2013-04-17 01:53:48'),
	(21, '', '2013-04-17 01:54:21'),
	(21, '', '2013-04-17 01:54:54'),
	(21, '', '2013-04-17 01:55:27'),
	(21, '', '2013-04-17 01:56:00'),
	(21, '', '2013-04-17 01:56:33'),
	(21, '', '2013-04-17 01:57:06'),
	(21, '', '2013-04-17 01:57:39'),
	(21, '', '2013-04-17 01:58:12'),
	(21, '', '2013-04-17 01:58:45'),
	(21, '', '2013-04-17 01:59:18'),
	(21, '', '2013-04-17 01:59:52'),
	(21, '', '2013-04-17 02:00:25'),
	(21, '', '2013-04-17 02:00:58'),
	(21, '', '2013-04-17 02:01:31'),
	(21, '', '2013-04-17 02:02:04'),
	(21, '', '2013-04-17 02:02:37'),
	(21, '', '2013-04-17 02:03:10'),
	(21, '', '2013-04-17 02:03:43'),
	(21, '', '2013-04-17 02:04:16'),
	(21, '', '2013-04-17 02:04:49'),
	(21, '', '2013-04-17 02:05:22'),
	(21, '', '2013-04-17 02:05:55'),
	(21, '', '2013-04-17 02:06:28'),
	(21, '', '2013-04-17 02:07:01'),
	(21, '', '2013-04-17 02:07:34'),
	(21, '', '2013-04-17 02:08:07'),
	(21, '', '2013-04-17 02:08:40'),
	(21, '', '2013-04-17 02:09:13'),
	(21, '', '2013-04-17 02:09:46'),
	(21, '', '2013-04-17 02:10:19'),
	(21, '', '2013-04-17 02:10:52'),
	(21, '', '2013-04-17 02:11:25'),
	(21, '', '2013-04-17 02:11:58'),
	(21, '', '2013-04-17 02:12:31'),
	(21, '', '2013-04-17 02:13:04'),
	(21, '', '2013-04-17 02:13:38'),
	(21, '', '2013-04-17 02:14:11'),
	(21, '', '2013-04-17 02:14:44'),
	(21, '', '2013-04-17 02:15:17'),
	(21, '', '2013-04-17 02:15:50'),
	(21, '', '2013-04-17 02:16:23'),
	(21, '', '2013-04-17 02:16:56'),
	(21, '', '2013-04-17 02:17:29'),
	(21, '', '2013-04-17 02:18:02'),
	(21, '', '2013-04-17 02:18:35'),
	(21, '', '2013-04-17 02:19:08'),
	(21, '', '2013-04-17 02:19:41'),
	(21, '', '2013-04-17 02:20:14'),
	(21, '', '2013-04-17 02:20:47'),
	(21, '', '2013-04-17 02:21:20'),
	(21, '', '2013-04-17 02:21:53'),
	(21, '', '2013-04-17 02:22:26'),
	(21, '', '2013-04-17 02:22:59'),
	(21, '', '2013-04-17 02:23:32'),
	(21, '', '2013-04-17 02:24:05'),
	(21, '', '2013-04-17 02:24:38'),
	(21, '', '2013-04-17 02:25:12'),
	(21, '', '2013-04-17 02:25:45'),
	(21, '', '2013-04-17 02:26:18'),
	(21, '', '2013-04-17 02:26:51'),
	(21, '', '2013-04-17 02:27:24'),
	(21, '', '2013-04-17 02:27:57'),
	(21, '', '2013-04-17 02:28:30'),
	(21, '', '2013-04-17 02:29:03'),
	(21, '', '2013-04-17 02:29:36'),
	(21, '', '2013-04-17 02:30:09'),
	(21, '', '2013-04-17 02:30:42'),
	(21, '', '2013-04-17 02:31:15'),
	(21, '', '2013-04-17 02:31:48'),
	(21, '', '2013-04-17 02:32:21'),
	(21, '', '2013-04-17 02:32:54'),
	(21, '', '2013-04-17 02:33:27'),
	(21, '', '2013-04-17 02:34:00'),
	(21, '', '2013-04-17 02:34:33'),
	(21, '', '2013-04-17 02:35:06'),
	(21, '', '2013-04-17 02:35:39'),
	(21, '', '2013-04-17 02:36:12'),
	(21, '', '2013-04-17 02:36:45'),
	(21, '', '2013-04-17 02:37:18'),
	(21, '', '2013-04-17 02:37:51'),
	(21, '', '2013-04-17 02:38:24'),
	(21, '', '2013-04-17 02:38:58'),
	(21, '', '2013-04-17 02:39:31'),
	(21, '', '2013-04-17 02:40:04'),
	(21, '', '2013-04-17 02:40:37'),
	(21, '', '2013-04-17 02:41:10'),
	(21, '', '2013-04-17 02:41:43'),
	(21, '', '2013-04-17 02:42:16'),
	(21, '', '2013-04-17 02:42:49'),
	(21, '', '2013-04-17 02:43:22'),
	(21, '', '2013-04-17 02:43:55'),
	(21, '', '2013-04-17 02:44:28'),
	(21, '', '2013-04-17 02:45:01'),
	(21, '', '2013-04-17 02:45:34'),
	(21, '', '2013-04-17 02:46:07'),
	(21, '', '2013-04-17 02:46:40'),
	(21, '', '2013-04-17 02:47:13'),
	(21, '', '2013-04-17 02:47:46'),
	(21, '', '2013-04-17 02:48:19'),
	(21, '', '2013-04-17 02:48:53'),
	(21, '', '2013-04-17 02:49:26'),
	(21, '', '2013-04-17 02:49:59'),
	(21, '', '2013-04-17 02:50:32'),
	(21, '', '2013-04-17 02:51:05'),
	(21, '', '2013-04-17 02:51:38'),
	(21, '', '2013-04-17 02:52:11'),
	(21, '', '2013-04-17 02:52:44'),
	(21, '', '2013-04-17 02:53:17'),
	(21, '', '2013-04-17 02:53:50'),
	(21, '', '2013-04-17 02:54:23'),
	(21, '', '2013-04-17 02:54:56'),
	(21, '', '2013-04-17 02:55:29'),
	(21, '', '2013-04-17 02:56:02'),
	(21, '', '2013-04-17 02:56:35'),
	(21, '', '2013-04-17 02:57:08'),
	(21, '', '2013-04-17 02:57:41'),
	(21, '', '2013-04-17 02:58:14'),
	(21, '', '2013-04-17 02:58:47'),
	(21, '', '2013-04-17 02:59:20'),
	(21, '', '2013-04-17 02:59:53'),
	(21, '', '2013-04-17 03:00:26'),
	(21, '', '2013-04-17 03:00:59'),
	(21, '', '2013-04-17 03:01:32'),
	(21, '', '2013-04-17 03:02:05'),
	(21, '', '2013-04-17 03:02:38'),
	(21, '', '2013-04-17 03:03:11'),
	(21, '', '2013-04-17 03:03:44'),
	(21, '', '2013-04-17 03:04:18'),
	(21, '', '2013-04-17 03:04:51'),
	(21, '', '2013-04-17 03:05:24'),
	(21, '', '2013-04-17 03:05:57'),
	(21, '', '2013-04-17 03:06:30'),
	(21, '', '2013-04-17 03:07:03'),
	(21, '', '2013-04-17 03:07:36'),
	(21, '', '2013-04-17 03:08:09'),
	(21, '', '2013-04-17 03:08:42'),
	(21, '', '2013-04-17 03:09:15'),
	(21, '', '2013-04-17 03:09:48'),
	(21, '', '2013-04-17 03:10:21'),
	(21, '', '2013-04-17 03:10:54'),
	(21, '', '2013-04-17 03:11:27'),
	(21, '', '2013-04-17 03:12:00'),
	(21, '', '2013-04-17 03:12:33'),
	(21, '', '2013-04-17 03:13:06'),
	(21, '', '2013-04-17 03:13:39'),
	(21, '', '2013-04-17 03:14:12'),
	(21, '', '2013-04-17 03:14:45'),
	(21, '', '2013-04-17 03:15:18'),
	(21, '', '2013-04-17 03:15:51'),
	(21, '', '2013-04-17 03:16:24'),
	(21, '', '2013-04-17 03:16:57'),
	(21, '', '2013-04-17 03:17:30'),
	(21, '', '2013-04-17 03:18:03'),
	(21, '', '2013-04-17 03:18:36'),
	(21, '', '2013-04-17 03:19:09'),
	(21, '', '2013-04-17 03:19:42'),
	(21, '', '2013-04-17 03:20:15'),
	(21, '', '2013-04-17 03:20:49'),
	(21, '', '2013-04-17 03:21:22'),
	(21, '', '2013-04-17 03:21:55'),
	(21, '', '2013-04-17 03:22:28'),
	(21, '', '2013-04-17 03:23:01'),
	(21, '', '2013-04-17 03:23:34'),
	(21, '', '2013-04-17 03:24:07'),
	(21, '', '2013-04-17 03:24:40'),
	(21, '', '2013-04-17 03:25:13'),
	(21, '', '2013-04-17 03:25:46'),
	(21, '', '2013-04-17 03:26:19'),
	(21, '', '2013-04-17 03:26:52'),
	(21, '', '2013-04-17 03:27:25'),
	(21, '', '2013-04-17 03:27:58'),
	(21, '', '2013-04-17 03:28:31'),
	(21, '', '2013-04-17 03:29:04'),
	(21, '', '2013-04-17 03:29:37'),
	(21, '', '2013-04-17 03:30:10'),
	(21, '', '2013-04-17 03:30:43'),
	(21, '', '2013-04-17 03:31:16'),
	(21, '', '2013-04-17 03:31:49'),
	(21, '', '2013-04-17 03:32:22'),
	(21, '', '2013-04-17 03:32:55'),
	(21, '', '2013-04-17 03:33:28'),
	(21, '', '2013-04-17 03:34:01'),
	(21, '', '2013-04-17 03:34:34'),
	(21, '', '2013-04-17 03:35:07'),
	(21, '', '2013-04-17 03:35:40'),
	(21, '', '2013-04-17 03:36:13'),
	(21, '', '2013-04-17 03:36:46'),
	(21, '', '2013-04-17 03:37:20'),
	(21, '', '2013-04-17 03:37:53'),
	(21, '', '2013-04-17 03:38:26'),
	(21, '', '2013-04-17 03:38:59'),
	(21, '', '2013-04-17 03:39:32'),
	(21, '', '2013-04-17 03:40:05'),
	(21, '', '2013-04-17 03:40:38'),
	(21, '', '2013-04-17 03:41:11'),
	(21, '', '2013-04-17 03:41:44'),
	(21, '', '2013-04-17 03:42:17'),
	(21, '', '2013-04-17 03:42:50'),
	(21, '', '2013-04-17 03:43:23'),
	(21, '', '2013-04-17 03:43:56'),
	(21, '', '2013-04-17 03:44:29'),
	(21, '', '2013-04-17 03:45:02'),
	(21, '', '2013-04-17 03:45:35'),
	(21, '', '2013-04-17 03:46:08'),
	(21, '', '2013-04-17 03:46:41'),
	(21, '', '2013-04-17 03:47:14'),
	(21, '', '2013-04-17 03:47:47'),
	(21, '', '2013-04-17 03:48:20'),
	(21, '', '2013-04-17 03:48:53'),
	(21, '', '2013-04-17 03:49:26'),
	(21, '', '2013-04-17 03:50:00'),
	(21, '', '2013-04-17 03:50:33'),
	(21, '', '2013-04-17 03:51:06'),
	(21, '', '2013-04-17 03:51:39'),
	(21, '', '2013-04-17 03:52:12'),
	(21, '', '2013-04-17 03:52:45'),
	(21, '', '2013-04-17 03:53:18'),
	(21, '', '2013-04-17 03:53:51'),
	(21, '', '2013-04-17 03:54:24'),
	(21, '', '2013-04-17 03:54:57'),
	(21, '', '2013-04-17 03:55:30'),
	(21, '', '2013-04-17 03:56:03'),
	(21, '', '2013-04-17 03:56:36'),
	(21, '', '2013-04-17 03:57:09'),
	(21, '', '2013-04-17 03:57:42'),
	(21, '', '2013-04-17 03:58:15'),
	(21, '', '2013-04-17 03:58:48'),
	(21, '', '2013-04-17 03:59:21'),
	(21, '', '2013-04-17 03:59:54'),
	(21, '', '2013-04-17 04:00:27'),
	(21, '', '2013-04-17 04:01:00'),
	(21, '', '2013-04-17 04:01:33'),
	(21, '', '2013-04-17 04:02:06'),
	(21, '', '2013-04-17 04:02:39'),
	(21, '', '2013-04-17 04:03:12'),
	(21, '', '2013-04-17 04:03:45'),
	(21, '', '2013-04-17 04:04:19'),
	(21, '', '2013-04-17 04:04:52'),
	(21, '', '2013-04-17 04:05:25'),
	(21, '', '2013-04-17 04:05:58'),
	(21, '', '2013-04-17 04:06:31'),
	(21, '', '2013-04-17 04:07:04'),
	(21, '', '2013-04-17 04:07:37'),
	(21, '', '2013-04-17 04:08:10'),
	(21, '', '2013-04-17 04:08:43'),
	(21, '', '2013-04-17 04:09:16'),
	(21, '', '2013-04-17 04:09:49'),
	(21, '', '2013-04-17 04:10:22'),
	(21, '', '2013-04-17 04:10:55'),
	(21, '', '2013-04-17 04:11:28'),
	(21, '', '2013-04-17 04:12:01'),
	(21, '', '2013-04-17 04:12:34'),
	(21, '', '2013-04-17 04:13:07'),
	(21, '', '2013-04-17 04:13:40'),
	(21, '', '2013-04-17 04:14:13'),
	(21, '', '2013-04-17 04:14:46'),
	(21, '', '2013-04-17 04:15:19'),
	(21, '', '2013-04-17 04:15:52'),
	(21, '', '2013-04-17 04:16:25'),
	(21, '', '2013-04-17 04:16:59'),
	(21, '', '2013-04-17 04:17:32'),
	(21, '', '2013-04-17 04:18:05'),
	(21, '', '2013-04-17 04:18:38'),
	(21, '', '2013-04-17 04:19:11'),
	(21, '', '2013-04-17 04:19:44'),
	(21, '', '2013-04-17 04:20:17'),
	(21, '', '2013-04-17 04:20:50'),
	(21, '', '2013-04-17 04:21:23'),
	(21, '', '2013-04-17 04:21:56'),
	(21, '', '2013-04-17 04:22:29'),
	(21, '', '2013-04-17 04:23:02'),
	(21, '', '2013-04-17 04:23:35'),
	(21, '', '2013-04-17 04:24:08'),
	(21, '', '2013-04-17 04:24:41'),
	(21, '', '2013-04-17 04:25:14'),
	(21, '', '2013-04-17 04:25:47'),
	(21, '', '2013-04-17 04:26:20'),
	(21, '', '2013-04-17 04:26:53'),
	(21, '', '2013-04-17 04:27:26'),
	(21, '', '2013-04-17 04:27:59'),
	(21, '', '2013-04-17 04:28:32'),
	(21, '', '2013-04-17 04:29:05'),
	(21, '', '2013-04-17 04:29:38'),
	(21, '', '2013-04-17 04:30:11'),
	(21, '', '2013-04-17 04:30:44'),
	(21, '', '2013-04-17 04:31:17'),
	(21, '', '2013-04-17 04:31:50'),
	(21, '', '2013-04-17 04:32:23'),
	(21, '', '2013-04-17 04:32:56'),
	(21, '', '2013-04-17 04:33:30'),
	(21, '', '2013-04-17 04:34:03'),
	(21, '', '2013-04-17 04:34:36'),
	(21, '', '2013-04-17 04:35:09'),
	(21, '', '2013-04-17 04:35:42'),
	(21, '', '2013-04-17 04:36:15'),
	(21, '', '2013-04-17 04:36:48'),
	(21, '', '2013-04-17 04:37:21'),
	(21, '', '2013-04-17 04:37:54'),
	(21, '', '2013-04-17 04:38:27'),
	(21, '', '2013-04-17 04:39:00'),
	(21, '', '2013-04-17 04:39:33'),
	(21, '', '2013-04-17 04:40:06'),
	(21, '', '2013-04-17 04:40:39'),
	(21, '', '2013-04-17 04:41:12'),
	(21, '', '2013-04-17 04:41:45'),
	(21, '', '2013-04-17 04:42:18'),
	(21, '', '2013-04-17 04:42:51'),
	(21, '', '2013-04-17 04:43:24'),
	(21, '', '2013-04-17 04:43:57'),
	(21, '', '2013-04-17 04:44:30'),
	(21, '', '2013-04-17 04:45:03'),
	(21, '', '2013-04-17 04:45:36'),
	(21, '', '2013-04-17 04:46:09'),
	(21, '', '2013-04-17 04:46:42'),
	(21, '', '2013-04-17 04:47:15'),
	(21, '', '2013-04-17 04:47:48'),
	(21, '', '2013-04-17 04:48:21'),
	(21, '', '2013-04-17 04:48:54'),
	(21, '', '2013-04-17 04:49:28'),
	(21, '', '2013-04-17 04:50:01'),
	(21, '', '2013-04-17 04:50:34'),
	(21, '', '2013-04-17 04:51:07'),
	(21, '', '2013-04-17 04:51:40'),
	(21, '', '2013-04-17 04:52:13'),
	(21, '', '2013-04-17 04:52:46'),
	(21, '', '2013-04-17 04:53:19'),
	(21, '', '2013-04-17 04:53:52'),
	(21, '', '2013-04-17 04:54:25'),
	(21, '', '2013-04-17 04:54:58'),
	(21, '', '2013-04-17 04:55:31'),
	(21, '', '2013-04-17 04:56:04'),
	(21, '', '2013-04-17 04:56:37'),
	(21, '', '2013-04-17 04:57:10'),
	(21, '', '2013-04-17 04:57:43'),
	(21, '', '2013-04-17 04:58:16'),
	(21, '', '2013-04-17 04:58:49'),
	(21, '', '2013-04-17 04:59:22'),
	(21, '', '2013-04-17 04:59:55'),
	(21, '', '2013-04-17 05:00:28'),
	(21, '', '2013-04-17 05:01:01'),
	(21, '', '2013-04-17 05:01:35'),
	(21, '', '2013-04-17 05:02:08'),
	(21, '', '2013-04-17 05:02:41'),
	(21, '', '2013-04-17 05:03:14'),
	(21, '', '2013-04-17 05:03:47'),
	(21, '', '2013-04-17 05:04:20'),
	(21, '', '2013-04-17 05:04:53'),
	(21, '', '2013-04-17 05:05:26'),
	(21, '', '2013-04-17 05:05:59'),
	(21, '', '2013-04-17 05:06:32'),
	(21, '', '2013-04-17 05:07:05'),
	(21, '', '2013-04-17 05:07:38'),
	(21, '', '2013-04-17 05:08:11'),
	(21, '', '2013-04-17 14:10:30'),
	(21, '', '2013-04-17 14:10:31'),
	(21, '', '2013-04-17 14:10:32'),
	(21, '', '2013-04-17 14:10:33'),
	(21, '', '2013-04-17 14:10:34'),
	(21, '', '2013-04-17 14:10:35'),
	(21, '', '2013-04-17 14:10:36'),
	(21, '', '2013-04-17 14:10:37'),
	(21, '', '2013-04-17 14:10:38'),
	(21, '', '2013-04-17 14:10:40'),
	(21, '', '2013-04-17 14:10:41'),
	(21, '', '2013-04-17 14:10:43'),
	(21, '', '2013-04-17 14:10:44'),
	(21, '', '2013-04-17 14:10:45'),
	(21, '', '2013-04-17 14:10:46'),
	(21, '', '2013-04-17 14:10:47'),
	(21, '', '2013-04-17 14:10:48'),
	(21, '', '2013-04-17 14:10:49'),
	(21, '', '2013-04-17 14:10:50'),
	(21, '', '2013-04-17 14:10:51'),
	(21, '', '2013-04-17 14:10:52'),
	(21, '', '2013-04-17 14:10:53'),
	(21, '', '2013-04-17 14:10:54'),
	(21, '', '2013-04-17 14:10:54'),
	(21, '', '2013-04-17 14:10:55'),
	(21, '', '2013-04-17 14:10:56'),
	(21, '', '2013-04-17 14:10:57'),
	(21, '', '2013-04-17 14:10:58'),
	(21, '', '2013-04-17 14:10:59'),
	(21, '', '2013-04-17 14:11:00'),
	(21, '', '2013-04-17 14:11:01'),
	(21, '', '2013-04-17 14:11:03'),
	(21, '', '2013-04-17 14:11:04'),
	(21, '', '2013-04-17 14:11:05'),
	(21, '', '2013-04-17 14:11:07'),
	(22, '', '2013-04-17 14:11:18'),
	(22, '', '2013-04-17 14:11:19'),
	(22, '', '2013-04-17 14:11:20'),
	(22, '', '2013-04-17 14:11:21'),
	(22, '', '2013-04-17 14:11:22'),
	(22, '', '2013-04-17 14:11:23'),
	(22, '', '2013-04-17 14:11:24'),
	(22, '', '2013-04-17 14:11:24'),
	(22, '', '2013-04-17 14:11:25'),
	(22, '', '2013-04-17 14:11:26'),
	(22, '', '2013-04-17 14:11:27'),
	(22, '', '2013-04-17 14:11:28'),
	(22, '', '2013-04-17 14:11:29'),
	(22, '', '2013-04-17 14:11:31'),
	(22, '', '2013-04-17 14:11:32'),
	(22, '', '2013-04-17 14:11:33'),
	(22, '', '2013-04-17 14:11:34'),
	(22, '', '2013-04-17 14:11:35'),
	(22, '', '2013-04-17 14:11:37'),
	(22, '', '2013-04-17 14:11:39'),
	(22, '', '2013-04-17 14:11:41'),
	(22, '', '2013-04-17 14:11:43'),
	(22, '', '2013-04-17 14:11:45'),
	(22, '', '2013-04-17 14:11:47'),
	(22, '', '2013-04-17 14:11:49'),
	(22, '', '2013-04-17 14:11:51'),
	(22, '', '2013-04-17 14:11:53'),
	(22, '', '2013-04-17 14:11:57'),
	(22, '', '2013-04-17 14:12:01'),
	(22, '', '2013-04-17 14:12:05'),
	(22, '', '2013-04-17 14:12:09'),
	(22, '', '2013-04-17 14:12:13'),
	(22, '', '2013-04-17 14:12:16'),
	(22, '', '2013-04-17 14:12:17'),
	(22, '', '2013-04-17 14:12:18'),
	(22, '', '2013-04-17 14:12:19'),
	(22, '', '2013-04-17 14:12:20'),
	(22, '', '2013-04-17 14:12:21'),
	(22, '', '2013-04-17 14:12:22'),
	(22, '', '2013-04-17 14:12:23'),
	(22, '', '2013-04-17 14:12:24'),
	(22, '', '2013-04-17 14:12:25'),
	(22, '', '2013-04-17 14:12:26'),
	(22, '', '2013-04-17 14:12:28'),
	(22, '', '2013-04-17 14:12:30'),
	(22, '', '2013-04-17 14:12:32'),
	(22, '', '2013-04-17 14:12:34'),
	(22, '', '2013-04-17 14:12:36'),
	(22, '', '2013-04-17 14:12:38'),
	(22, '', '2013-04-17 14:12:40'),
	(22, '', '2013-04-17 14:12:42'),
	(22, '', '2013-04-17 14:12:44'),
	(22, '', '2013-04-17 14:12:48'),
	(22, '', '2013-04-17 14:12:52'),
	(22, '', '2013-04-17 14:12:56'),
	(22, '', '2013-04-17 14:13:00'),
	(22, '', '2013-04-17 14:13:04'),
	(22, '', '2013-04-17 14:13:08'),
	(22, '', '2013-04-17 14:13:12'),
	(22, '', '2013-04-17 14:13:16'),
	(22, '', '2013-04-17 14:13:20'),
	(22, '', '2013-04-17 14:13:28'),
	(22, '', '2013-04-17 14:13:37'),
	(22, '', '2013-04-17 14:13:37'),
	(22, '', '2013-04-17 14:13:38'),
	(22, '', '2013-04-17 14:13:39'),
	(22, '', '2013-04-17 14:13:40'),
	(22, '', '2013-04-17 14:13:41'),
	(22, '', '2013-04-17 14:13:42'),
	(22, '', '2013-04-17 14:13:43'),
	(22, '', '2013-04-17 14:13:44'),
	(22, '', '2013-04-17 14:13:45'),
	(22, '', '2013-04-17 14:13:47'),
	(22, '', '2013-04-17 14:13:48'),
	(22, '', '2013-04-17 14:13:49'),
	(22, '', '2013-04-17 14:13:50'),
	(22, '', '2013-04-17 14:13:52'),
	(22, '', '2013-04-17 14:13:54'),
	(22, '', '2013-04-17 14:13:56'),
	(22, '', '2013-04-17 14:13:58'),
	(22, '', '2013-04-17 14:14:00'),
	(22, '', '2013-04-17 14:14:02'),
	(22, '', '2013-04-17 14:14:04'),
	(22, '', '2013-04-17 14:14:06'),
	(22, '', '2013-04-17 14:14:08'),
	(22, '', '2013-04-17 14:14:12'),
	(22, '', '2013-04-17 14:14:16'),
	(22, '', '2013-04-17 14:14:20'),
	(22, '', '2013-04-17 14:14:24'),
	(22, '', '2013-04-17 14:14:28'),
	(22, '', '2013-04-17 14:14:32'),
	(22, '', '2013-04-17 14:14:36'),
	(22, '', '2013-04-17 14:14:40'),
	(22, '', '2013-04-17 14:14:44'),
	(22, '', '2013-04-17 14:14:52'),
	(22, '', '2013-04-17 14:15:00'),
	(22, '', '2013-04-17 14:15:08'),
	(22, '', '2013-04-17 14:15:16'),
	(22, '', '2013-04-17 14:15:24'),
	(22, '', '2013-04-17 14:15:32'),
	(22, '', '2013-04-17 14:15:38'),
	(22, '', '2013-04-17 14:15:39'),
	(22, '', '2013-04-17 14:15:40'),
	(22, '', '2013-04-17 14:15:41'),
	(22, '', '2013-04-17 14:15:42'),
	(22, '', '2013-04-17 14:15:43'),
	(22, '', '2013-04-17 14:15:44'),
	(22, '', '2013-04-17 14:15:45'),
	(22, '', '2013-04-17 14:15:46'),
	(22, '', '2013-04-17 14:15:47'),
	(22, '', '2013-04-17 14:15:48'),
	(22, '', '2013-04-17 14:15:50'),
	(22, '', '2013-04-17 14:15:52'),
	(22, '', '2013-04-17 14:15:54'),
	(22, '', '2013-04-17 14:15:56'),
	(22, '', '2013-04-17 14:15:58'),
	(22, '', '2013-04-17 14:16:00'),
	(22, '', '2013-04-17 14:16:02'),
	(22, '', '2013-04-17 14:16:04'),
	(22, '', '2013-04-17 14:16:06'),
	(22, '', '2013-04-17 14:16:10'),
	(22, '', '2013-04-17 14:16:14'),
	(22, '', '2013-04-17 14:16:18'),
	(22, '', '2013-04-17 14:16:22'),
	(22, '', '2013-04-17 14:16:26'),
	(22, '', '2013-04-17 14:16:30'),
	(22, '', '2013-04-17 14:16:34'),
	(22, '', '2013-04-17 14:16:38'),
	(22, '', '2013-04-17 14:16:42'),
	(22, '', '2013-04-17 14:16:49'),
	(22, '', '2013-04-17 14:16:50'),
	(22, '', '2013-04-17 14:16:51'),
	(22, '', '2013-04-17 14:16:52'),
	(21, '', '2013-04-17 14:17:01'),
	(21, '', '2013-04-17 14:17:02'),
	(21, '', '2013-04-17 14:17:02'),
	(21, '', '2013-04-17 14:17:03'),
	(21, '', '2013-04-17 14:17:04'),
	(21, '', '2013-04-17 14:17:05'),
	(21, '', '2013-04-17 14:17:06'),
	(21, '', '2013-04-17 14:17:07'),
	(21, '', '2013-04-17 14:17:08'),
	(21, '', '2013-04-17 14:17:09'),
	(21, '', '2013-04-17 14:17:10'),
	(21, '', '2013-04-17 14:17:11'),
	(21, '', '2013-04-17 14:17:12'),
	(21, '', '2013-04-17 14:17:14'),
	(21, '', '2013-04-17 14:17:16'),
	(21, '', '2013-04-17 14:17:18'),
	(21, '', '2013-04-17 14:17:20'),
	(21, '', '2013-04-17 14:17:22'),
	(21, '', '2013-04-17 14:17:24'),
	(21, '', '2013-04-17 14:17:26'),
	(21, '', '2013-04-17 14:17:28'),
	(21, '', '2013-04-17 14:17:30'),
	(21, '', '2013-04-17 14:17:34'),
	(21, '', '2013-04-17 14:17:38'),
	(21, '', '2013-04-17 14:17:42'),
	(21, '', '2013-04-17 14:17:46'),
	(21, '', '2013-04-17 14:17:50'),
	(21, '', '2013-04-17 14:17:54'),
	(21, '', '2013-04-17 14:17:58'),
	(21, '', '2013-04-17 14:18:02'),
	(21, '', '2013-04-17 14:18:06'),
	(21, '', '2013-04-17 14:18:14'),
	(21, '', '2013-04-17 14:18:22'),
	(21, '', '2013-04-17 14:18:31'),
	(21, '', '2013-04-17 14:18:39'),
	(21, '', '2013-04-17 14:18:47'),
	(21, '', '2013-04-17 14:18:55'),
	(21, '', '2013-04-17 14:19:03'),
	(21, '', '2013-04-17 14:19:11'),
	(21, '', '2013-04-17 14:19:19'),
	(21, '', '2013-04-17 14:19:35'),
	(21, '', '2013-04-17 14:19:51'),
	(21, '', '2013-04-17 14:20:07'),
	(21, '', '2013-04-17 14:20:23'),
	(21, '', '2013-04-17 14:20:39'),
	(21, '', '2013-04-17 14:20:55'),
	(21, '', '2013-04-17 14:21:11'),
	(21, '', '2013-04-17 14:21:27'),
	(21, '', '2013-04-17 14:21:43'),
	(21, '', '2013-04-17 14:22:15'),
	(21, '', '2013-04-17 14:22:47'),
	(21, '', '2013-04-17 14:23:19'),
	(21, '', '2013-04-17 14:23:51'),
	(21, '', '2013-04-17 14:24:23'),
	(21, '', '2013-04-17 14:24:55'),
	(21, '', '2013-04-17 15:19:33'),
	(21, '', '2013-04-17 15:20:05'),
	(21, '', '2013-04-17 15:20:37'),
	(21, '', '2013-04-17 15:21:10'),
	(21, '', '2013-04-17 15:21:43'),
	(21, '', '2013-04-17 15:22:16'),
	(21, '', '2013-04-17 15:22:49'),
	(21, '', '2013-04-17 15:23:22'),
	(21, '', '2013-04-17 15:23:55'),
	(21, '', '2013-04-17 15:24:28'),
	(21, '', '2013-04-17 15:25:01'),
	(21, '', '2013-04-17 15:25:34'),
	(21, '', '2013-04-17 15:26:07'),
	(21, '', '2013-04-17 15:26:40'),
	(21, '', '2013-04-17 15:27:13'),
	(21, '', '2013-04-17 15:27:46'),
	(21, '', '2013-04-17 15:28:19'),
	(21, '', '2013-04-17 15:28:52'),
	(21, '', '2013-04-17 15:29:25'),
	(21, '', '2013-04-17 15:29:58'),
	(21, '', '2013-04-17 15:30:31'),
	(21, '', '2013-04-17 15:31:04'),
	(21, '', '2013-04-17 15:31:37'),
	(21, '', '2013-04-17 15:32:10'),
	(21, '', '2013-04-17 15:32:43'),
	(21, '', '2013-04-17 15:33:16'),
	(21, '', '2013-04-17 15:33:49'),
	(21, '', '2013-04-17 15:34:22'),
	(21, '', '2013-04-17 15:34:55'),
	(21, '', '2013-04-17 15:35:29'),
	(21, '', '2013-04-17 15:36:02'),
	(21, '', '2013-04-17 15:36:35'),
	(21, '', '2013-04-17 15:37:08'),
	(21, '', '2013-04-17 15:37:41'),
	(21, '', '2013-04-17 15:38:14'),
	(21, '', '2013-04-17 15:38:47'),
	(21, '', '2013-04-17 15:39:20'),
	(21, '', '2013-04-17 15:39:53'),
	(21, '', '2013-04-17 15:40:26'),
	(21, '', '2013-04-17 15:40:59'),
	(21, '', '2013-04-17 15:41:32'),
	(21, '', '2013-04-17 15:42:05'),
	(21, '', '2013-04-17 15:42:38'),
	(21, '', '2013-04-17 15:43:11'),
	(21, '', '2013-04-17 15:43:44'),
	(21, '', '2013-04-17 15:44:17'),
	(21, '', '2013-04-17 15:44:50'),
	(21, '', '2013-04-17 15:45:23'),
	(21, '', '2013-04-17 15:45:56'),
	(21, '', '2013-04-17 15:46:29'),
	(21, '', '2013-04-17 15:47:02'),
	(21, '', '2013-04-17 15:47:35'),
	(21, '', '2013-04-17 15:48:08'),
	(21, '', '2013-04-17 15:48:42'),
	(21, '', '2013-04-17 15:49:15'),
	(21, '', '2013-04-17 15:49:48'),
	(21, '', '2013-04-17 15:50:21'),
	(21, '', '2013-04-17 15:50:54'),
	(21, '', '2013-04-17 15:51:27'),
	(21, '', '2013-04-17 15:52:00'),
	(21, '', '2013-04-17 15:52:33'),
	(21, '', '2013-04-17 15:53:06'),
	(21, '', '2013-04-17 15:53:39'),
	(21, '', '2013-04-17 15:54:12'),
	(21, '', '2013-04-17 15:54:45'),
	(21, '', '2013-04-17 15:55:18'),
	(21, '', '2013-04-17 15:55:51'),
	(21, '', '2013-04-17 15:56:24'),
	(21, '', '2013-04-17 15:56:57'),
	(21, '', '2013-04-17 15:57:30'),
	(21, '', '2013-04-17 15:58:03'),
	(21, '', '2013-04-17 15:58:36'),
	(21, '', '2013-04-17 15:59:09'),
	(21, '', '2013-04-17 15:59:42'),
	(21, '', '2013-04-17 16:00:15'),
	(21, '', '2013-04-17 16:00:48'),
	(21, '', '2013-04-17 16:01:21'),
	(21, '', '2013-04-17 16:01:54'),
	(21, '', '2013-04-17 16:02:28'),
	(21, '', '2013-04-17 16:03:01'),
	(21, '', '2013-04-17 16:03:34'),
	(21, '', '2013-04-17 16:04:07'),
	(21, '', '2013-04-17 16:04:40'),
	(21, '', '2013-04-17 16:05:13'),
	(21, '', '2013-04-17 16:05:46'),
	(21, '', '2013-04-17 16:06:19'),
	(21, '', '2013-04-17 16:06:52'),
	(21, '', '2013-04-17 16:07:25'),
	(21, '', '2013-04-17 16:07:58'),
	(21, '', '2013-04-17 16:08:31'),
	(21, '', '2013-04-17 16:09:04'),
	(21, '', '2013-04-17 16:09:38'),
	(21, '', '2013-04-17 16:10:11'),
	(21, '', '2013-04-17 16:10:44'),
	(21, '', '2013-04-17 16:11:17'),
	(21, '', '2013-04-17 16:11:50'),
	(21, '', '2013-04-17 16:12:23'),
	(21, '', '2013-04-17 16:12:56'),
	(21, '', '2013-04-17 16:13:29'),
	(21, '', '2013-04-17 16:14:02'),
	(21, '', '2013-04-17 16:14:35'),
	(21, '', '2013-04-17 16:15:08'),
	(21, '', '2013-04-17 16:15:41'),
	(21, '', '2013-04-17 16:16:14'),
	(21, '', '2013-04-17 16:16:47'),
	(21, '', '2013-04-17 16:17:20'),
	(21, '', '2013-04-17 16:17:53'),
	(21, '', '2013-04-17 16:18:26'),
	(21, '', '2013-04-17 16:18:59'),
	(21, '', '2013-04-17 16:19:32'),
	(21, '', '2013-04-17 16:20:06'),
	(21, '', '2013-04-17 16:20:39'),
	(21, '', '2013-04-17 16:21:12'),
	(21, '', '2013-04-17 16:21:45'),
	(21, '', '2013-04-17 16:22:18'),
	(21, '', '2013-04-17 16:22:51'),
	(21, '', '2013-04-17 16:23:24'),
	(21, '', '2013-04-17 16:23:57'),
	(21, '', '2013-04-17 16:24:30'),
	(21, '', '2013-04-17 16:25:03'),
	(21, '', '2013-04-17 16:25:36'),
	(21, '', '2013-04-17 16:26:09'),
	(21, '', '2013-04-17 16:26:42'),
	(21, '', '2013-04-17 16:27:15'),
	(21, '', '2013-04-17 16:27:48'),
	(21, '', '2013-04-17 16:28:21'),
	(21, '', '2013-04-17 16:28:54'),
	(21, '', '2013-04-17 16:29:27'),
	(21, '', '2013-04-17 16:30:00'),
	(21, '', '2013-04-17 16:30:33'),
	(21, '', '2013-04-17 16:31:07'),
	(21, '', '2013-04-17 16:31:40'),
	(21, '', '2013-04-17 16:32:13'),
	(21, '', '2013-04-17 16:32:46'),
	(21, '', '2013-04-17 16:33:19'),
	(21, '', '2013-04-17 16:33:52'),
	(21, '', '2013-04-17 16:34:25'),
	(21, '', '2013-04-17 16:34:58'),
	(21, '', '2013-04-17 16:35:31'),
	(21, '', '2013-04-17 16:36:04'),
	(21, '', '2013-04-17 16:36:37'),
	(21, '', '2013-04-17 16:37:10'),
	(21, '', '2013-04-17 16:37:43'),
	(21, '', '2013-04-17 16:38:16'),
	(21, '', '2013-04-17 16:38:49'),
	(21, '', '2013-04-17 16:39:22'),
	(21, '', '2013-04-17 16:39:55'),
	(21, '', '2013-04-17 16:40:28'),
	(21, '', '2013-04-17 16:41:01'),
	(21, '', '2013-04-17 16:41:34'),
	(21, '', '2013-04-17 16:42:07'),
	(21, '', '2013-04-17 16:42:40'),
	(21, '', '2013-04-17 16:43:13'),
	(21, '', '2013-04-17 16:43:46'),
	(21, '', '2013-04-17 16:44:19'),
	(21, '', '2013-04-17 16:44:52'),
	(21, '', '2013-04-17 16:45:25'),
	(21, '', '2013-04-17 16:45:59'),
	(21, '', '2013-04-17 16:46:32'),
	(21, '', '2013-04-17 16:47:05'),
	(21, '', '2013-04-17 16:47:38'),
	(21, '', '2013-04-17 16:48:11'),
	(21, '', '2013-04-17 16:48:44'),
	(21, '', '2013-04-17 16:49:17'),
	(21, '', '2013-04-17 16:49:50'),
	(21, '', '2013-04-17 16:50:23'),
	(21, '', '2013-04-17 16:50:56'),
	(21, '', '2013-04-17 16:51:29'),
	(21, '', '2013-04-17 16:52:02'),
	(21, '', '2013-04-17 16:52:35'),
	(21, '', '2013-04-17 16:53:08'),
	(21, '', '2013-04-17 16:53:41'),
	(21, '', '2013-04-17 16:54:14'),
	(21, '', '2013-04-17 16:54:47'),
	(21, '', '2013-04-17 16:55:08'),
	(21, '', '2013-04-17 16:55:09'),
	(21, '', '2013-04-17 16:55:10'),
	(21, '', '2013-04-17 16:55:11'),
	(21, '', '2013-04-17 16:55:12'),
	(21, '', '2013-04-17 16:55:13'),
	(21, '', '2013-04-17 16:55:14'),
	(21, '', '2013-04-17 16:55:15'),
	(21, '', '2013-04-17 16:55:16'),
	(21, '', '2013-04-17 16:55:17'),
	(21, '', '2013-04-17 16:55:18'),
	(21, '', '2013-04-17 16:55:20'),
	(21, '', '2013-04-17 16:55:23'),
	(21, '', '2013-04-17 16:55:25'),
	(21, '', '2013-04-17 16:55:27'),
	(21, '', '2013-04-17 16:55:29'),
	(21, '', '2013-04-17 16:55:31'),
	(21, '', '2013-04-17 16:55:33'),
	(21, '', '2013-04-17 16:55:35'),
	(21, '', '2013-04-17 16:55:37'),
	(21, '', '2013-04-17 16:55:41'),
	(21, '', '2013-04-17 16:55:45'),
	(21, '', '2013-04-17 16:55:49'),
	(21, '', '2013-04-17 16:55:53'),
	(21, '', '2013-04-17 16:55:57'),
	(21, '', '2013-04-17 16:56:01'),
	(21, '', '2013-04-17 16:56:05'),
	(21, '', '2013-04-17 16:56:09'),
	(21, '', '2013-04-17 16:56:13'),
	(21, '', '2013-04-17 16:56:21'),
	(21, '', '2013-04-17 16:56:29'),
	(21, '', '2013-04-17 16:56:37'),
	(21, '', '2013-04-17 16:56:45'),
	(21, '', '2013-04-17 16:56:53'),
	(21, '', '2013-04-17 16:57:01'),
	(21, '', '2013-04-17 16:57:09'),
	(21, '', '2013-04-17 16:57:10'),
	(21, '', '2013-04-17 16:57:11'),
	(21, '', '2013-04-17 16:57:12'),
	(21, '', '2013-04-17 16:57:13'),
	(21, '', '2013-04-17 16:57:14'),
	(21, '', '2013-04-17 16:57:15'),
	(21, '', '2013-04-17 16:57:16'),
	(21, '', '2013-04-17 16:57:17'),
	(21, '', '2013-04-17 16:57:18'),
	(21, '', '2013-04-17 16:57:19'),
	(21, '', '2013-04-17 16:57:21'),
	(21, '', '2013-04-17 16:57:23'),
	(21, '', '2013-04-17 16:57:25'),
	(21, '', '2013-04-17 16:57:27'),
	(21, '', '2013-04-17 16:57:29'),
	(21, '', '2013-04-17 16:57:31'),
	(21, '', '2013-04-17 16:57:33'),
	(21, '', '2013-04-17 16:57:35'),
	(21, '', '2013-04-17 16:57:37'),
	(21, '', '2013-04-17 16:57:41'),
	(21, '', '2013-04-17 16:57:45'),
	(21, '', '2013-04-17 16:57:49'),
	(21, '', '2013-04-17 16:57:53'),
	(21, '', '2013-04-17 16:57:57'),
	(21, '', '2013-04-17 16:58:01'),
	(21, '', '2013-04-17 16:58:05'),
	(21, '', '2013-04-17 16:58:10'),
	(21, '', '2013-04-17 16:58:14'),
	(21, '', '2013-04-17 16:58:22'),
	(21, '', '2013-04-17 16:58:30'),
	(21, '', '2013-04-17 16:58:38'),
	(21, '', '2013-04-17 16:58:46'),
	(21, '', '2013-04-17 16:58:54'),
	(21, '', '2013-04-17 16:59:02'),
	(21, '', '2013-04-17 16:59:10'),
	(21, '', '2013-04-17 16:59:18'),
	(21, '', '2013-04-17 16:59:26'),
	(21, '', '2013-04-17 16:59:42'),
	(21, '', '2013-04-17 16:59:58'),
	(21, '', '2013-04-17 17:00:14'),
	(21, '', '2013-04-17 17:00:23'),
	(21, '', '2013-04-17 17:00:24'),
	(21, '', '2013-04-17 17:00:25'),
	(21, '', '2013-04-17 17:00:26'),
	(21, '', '2013-04-17 17:00:27'),
	(21, '', '2013-04-17 17:00:28'),
	(21, '', '2013-04-17 17:00:29'),
	(21, '', '2013-04-17 17:00:30'),
	(21, '', '2013-04-17 17:00:31'),
	(21, '', '2013-04-17 17:00:32'),
	(21, '', '2013-04-17 17:00:33'),
	(21, '', '2013-04-17 17:00:35'),
	(21, '', '2013-04-17 17:00:37'),
	(21, '', '2013-04-17 17:00:39'),
	(21, '', '2013-04-17 17:00:41'),
	(21, '', '2013-04-17 17:00:43'),
	(21, '', '2013-04-17 17:00:45'),
	(21, '', '2013-04-17 17:00:47'),
	(21, '', '2013-04-17 17:00:49'),
	(21, '', '2013-04-17 17:00:51'),
	(21, '', '2013-04-17 17:00:55'),
	(21, '', '2013-04-17 17:00:59'),
	(21, '', '2013-04-17 17:01:03'),
	(21, '', '2013-04-17 17:01:07'),
	(21, '', '2013-04-17 17:01:12'),
	(21, '', '2013-04-17 17:01:16'),
	(21, '', '2013-04-17 17:01:20'),
	(21, '', '2013-04-17 17:01:24'),
	(21, '', '2013-04-17 17:01:28'),
	(21, '', '2013-04-17 17:01:36'),
	(21, '', '2013-04-17 17:01:44'),
	(21, '', '2013-04-17 17:01:52'),
	(21, '', '2013-04-17 17:02:00'),
	(21, '', '2013-04-17 17:02:08'),
	(21, '', '2013-04-17 17:02:16'),
	(21, '', '2013-04-17 17:02:24'),
	(21, '', '2013-04-17 17:02:32'),
	(21, '', '2013-04-17 17:02:40'),
	(21, '', '2013-04-17 17:02:56'),
	(21, '', '2013-04-17 17:03:12'),
	(21, '', '2013-04-17 17:03:25'),
	(21, '', '2013-04-17 17:03:26'),
	(21, '', '2013-04-17 17:03:27'),
	(21, '', '2013-04-17 17:03:28'),
	(21, '', '2013-04-17 17:03:29'),
	(21, '', '2013-04-17 17:03:30'),
	(21, '', '2013-04-17 17:03:30'),
	(21, '', '2013-04-17 17:03:31'),
	(21, '', '2013-04-17 17:03:32'),
	(21, '', '2013-04-17 17:03:33'),
	(21, '', '2013-04-17 17:03:34'),
	(21, '', '2013-04-17 17:03:35'),
	(21, '', '2013-04-17 17:03:36'),
	(21, '', '2013-04-17 17:03:37'),
	(21, '', '2013-04-17 17:03:38'),
	(21, '', '2013-04-17 17:03:39'),
	(21, '', '2013-04-17 17:03:40'),
	(21, '', '2013-04-17 17:03:41'),
	(21, '', '2013-04-17 17:03:42'),
	(21, '', '2013-04-17 17:03:43'),
	(21, '', '2013-04-17 17:03:44'),
	(21, '', '2013-04-17 17:03:45'),
	(21, '', '2013-04-17 17:03:46'),
	(21, '', '2013-04-17 17:03:47'),
	(21, '', '2013-04-17 17:03:48'),
	(21, '', '2013-04-17 17:03:50'),
	(21, '', '2013-04-17 17:03:52'),
	(21, '', '2013-04-17 17:03:54'),
	(21, '', '2013-04-17 17:03:56'),
	(21, '', '2013-04-17 17:03:58'),
	(21, '', '2013-04-17 17:04:00'),
	(21, '', '2013-04-17 17:04:02'),
	(21, '', '2013-04-17 17:04:04'),
	(21, '', '2013-04-17 17:04:06'),
	(21, '', '2013-04-17 17:04:10'),
	(21, '', '2013-04-17 17:04:14'),
	(21, '', '2013-04-17 17:04:18'),
	(21, '', '2013-04-17 17:04:22'),
	(21, '', '2013-04-17 17:04:26'),
	(21, '', '2013-04-17 17:04:30'),
	(21, '', '2013-04-17 17:04:34'),
	(21, '', '2013-04-17 17:04:38'),
	(21, '', '2013-04-17 17:04:43'),
	(21, '', '2013-04-17 17:04:45'),
	(21, '', '2013-04-17 17:04:46'),
	(21, '', '2013-04-17 17:04:47'),
	(21, '', '2013-04-17 17:04:48'),
	(21, '', '2013-04-17 17:04:49'),
	(21, '', '2013-04-17 17:04:50'),
	(21, '', '2013-04-17 17:04:51'),
	(21, '', '2013-04-17 17:04:52'),
	(21, '', '2013-04-17 17:04:53'),
	(21, '', '2013-04-17 17:04:54'),
	(21, '', '2013-04-17 17:04:55'),
	(21, '', '2013-04-17 17:04:57'),
	(21, '', '2013-04-17 17:04:59'),
	(21, '', '2013-04-17 17:05:01'),
	(21, '', '2013-04-17 17:05:03'),
	(21, '', '2013-04-17 17:05:05'),
	(21, '', '2013-04-17 17:05:07'),
	(21, '', '2013-04-17 17:05:09'),
	(21, '', '2013-04-17 17:05:11'),
	(21, '', '2013-04-17 17:05:13'),
	(21, '', '2013-04-17 17:05:17'),
	(21, '', '2013-04-17 17:05:21'),
	(21, '', '2013-04-17 17:05:25'),
	(21, '', '2013-04-17 17:05:29'),
	(21, '', '2013-04-17 17:05:34'),
	(21, '', '2013-04-17 17:05:38'),
	(21, '', '2013-04-17 17:05:42'),
	(21, '', '2013-04-17 17:05:46'),
	(21, '', '2013-04-17 17:05:50'),
	(21, '', '2013-04-17 17:05:58'),
	(21, '', '2013-04-17 17:06:06'),
	(21, '', '2013-04-17 17:06:14'),
	(21, '', '2013-04-17 17:06:22'),
	(21, '', '2013-04-17 17:06:28'),
	(21, '', '2013-04-17 17:06:29'),
	(21, '', '2013-04-17 17:06:30'),
	(21, '', '2013-04-17 17:06:31'),
	(21, '', '2013-04-17 17:06:32'),
	(21, '', '2013-04-17 17:06:33'),
	(21, '', '2013-04-17 17:06:34'),
	(21, '', '2013-04-17 17:06:35'),
	(21, '', '2013-04-17 17:06:36'),
	(21, '', '2013-04-17 17:06:37'),
	(21, '', '2013-04-17 17:06:38'),
	(21, '', '2013-04-17 17:06:40'),
	(21, '', '2013-04-17 17:06:42'),
	(21, '', '2013-04-17 17:06:44'),
	(21, '', '2013-04-17 17:06:46'),
	(21, '', '2013-04-17 17:06:49'),
	(21, '', '2013-04-17 17:06:51'),
	(21, '', '2013-04-17 17:06:53'),
	(21, '', '2013-04-17 17:06:55'),
	(21, '', '2013-04-17 17:06:57'),
	(21, '', '2013-04-17 17:07:00'),
	(21, '', '2013-04-17 17:07:01'),
	(21, '', '2013-04-17 17:07:02'),
	(21, '', '2013-04-17 17:07:03'),
	(21, '', '2013-04-17 17:07:04'),
	(21, '', '2013-04-17 17:07:05'),
	(21, '', '2013-04-17 17:07:06'),
	(21, '', '2013-04-17 17:07:07'),
	(21, '', '2013-04-17 17:07:08'),
	(21, '', '2013-04-17 17:07:09'),
	(21, '', '2013-04-17 17:07:10'),
	(21, '', '2013-04-17 17:07:12'),
	(21, '', '2013-04-17 17:07:14'),
	(21, '', '2013-04-17 17:07:16'),
	(21, '', '2013-04-17 17:07:18'),
	(21, '', '2013-04-17 17:07:20'),
	(21, '', '2013-04-17 17:07:22'),
	(21, '', '2013-04-17 17:07:24'),
	(21, '', '2013-04-17 17:07:26'),
	(21, '', '2013-04-17 17:07:28'),
	(21, '', '2013-04-17 17:07:32'),
	(21, '', '2013-04-17 17:07:36'),
	(21, '', '2013-04-17 17:07:40'),
	(21, '', '2013-04-17 17:07:45'),
	(21, '', '2013-04-17 17:07:49'),
	(21, '', '2013-04-17 17:07:53'),
	(21, '', '2013-04-17 17:07:57'),
	(21, '', '2013-04-17 17:08:01'),
	(21, '', '2013-04-17 17:08:05'),
	(21, '', '2013-04-17 17:08:13'),
	(21, '', '2013-04-17 17:08:21'),
	(21, '', '2013-04-17 17:08:29'),
	(21, '', '2013-04-17 17:08:37'),
	(21, '', '2013-04-17 17:08:45'),
	(21, '', '2013-04-17 17:08:53'),
	(21, '', '2013-04-17 17:09:01'),
	(21, '', '2013-04-17 17:09:05'),
	(21, '', '2013-04-17 17:09:06'),
	(21, '', '2013-04-17 17:09:07'),
	(21, '', '2013-04-17 17:09:08'),
	(21, '', '2013-04-17 17:09:09'),
	(21, '', '2013-04-17 17:09:10'),
	(21, '', '2013-04-17 17:09:11'),
	(21, '', '2013-04-17 17:09:12'),
	(21, '', '2013-04-17 17:09:13'),
	(21, '', '2013-04-17 17:09:14'),
	(21, '', '2013-04-17 17:09:15'),
	(21, '', '2013-04-17 17:09:17'),
	(21, '', '2013-04-17 17:09:19'),
	(21, '', '2013-04-17 17:09:21'),
	(21, '', '2013-04-17 17:09:23'),
	(21, '', '2013-04-17 17:09:25'),
	(21, '', '2013-04-17 17:09:28'),
	(21, '', '2013-04-17 17:09:30'),
	(21, '', '2013-04-17 17:09:32'),
	(21, '', '2013-04-17 17:09:34'),
	(21, '', '2013-04-17 17:09:38'),
	(21, '', '2013-04-17 17:09:42'),
	(21, '', '2013-04-17 17:09:46'),
	(21, '', '2013-04-17 17:09:50'),
	(21, '', '2013-04-17 17:09:54'),
	(21, '', '2013-04-17 17:09:58'),
	(21, '', '2013-04-17 17:10:02'),
	(21, '', '2013-04-17 17:10:03'),
	(21, '', '2013-04-17 17:10:04'),
	(21, '', '2013-04-17 17:10:05'),
	(21, '', '2013-04-17 17:10:06'),
	(21, '', '2013-04-17 17:10:07'),
	(21, '', '2013-04-17 17:10:08'),
	(21, '', '2013-04-17 17:10:09'),
	(21, '', '2013-04-17 17:10:10'),
	(21, '', '2013-04-17 17:10:11'),
	(21, '', '2013-04-17 17:10:12'),
	(21, '', '2013-04-17 17:10:13'),
	(21, '', '2013-04-17 17:10:15'),
	(21, '', '2013-04-17 17:10:17'),
	(21, '', '2013-04-17 17:10:19'),
	(21, '', '2013-04-17 17:10:21'),
	(21, '', '2013-04-17 17:10:23'),
	(21, '', '2013-04-17 17:10:25'),
	(21, '', '2013-04-17 17:10:27'),
	(21, '', '2013-04-17 17:10:29'),
	(21, '', '2013-04-17 17:10:31'),
	(21, '', '2013-04-17 17:10:35'),
	(21, '', '2013-04-17 17:10:39'),
	(21, '', '2013-04-17 17:10:43'),
	(21, '', '2013-04-17 17:10:47'),
	(21, '', '2013-04-17 17:10:51'),
	(21, '', '2013-04-17 17:10:55'),
	(21, '', '2013-04-17 17:10:59'),
	(21, '', '2013-04-17 17:11:03'),
	(21, '', '2013-04-17 17:11:07'),
	(21, '', '2013-04-17 17:11:15'),
	(21, '', '2013-04-17 17:11:23'),
	(21, '', '2013-04-17 17:11:31'),
	(21, '', '2013-04-17 17:11:39'),
	(21, '', '2013-04-17 17:11:49'),
	(21, '', '2013-04-17 17:11:57'),
	(21, '', '2013-04-17 17:12:05'),
	(21, '', '2013-04-17 17:12:13'),
	(21, '', '2013-04-17 17:12:21'),
	(21, '', '2013-04-17 17:12:37'),
	(21, '', '2013-04-17 17:12:47'),
	(21, '', '2013-04-17 17:12:48'),
	(21, '', '2013-04-17 17:12:49'),
	(21, '', '2013-04-17 17:12:51'),
	(21, '', '2013-04-17 17:12:51'),
	(21, '', '2013-04-17 17:12:52'),
	(21, '', '2013-04-17 17:12:53'),
	(21, '', '2013-04-17 17:12:54'),
	(21, '', '2013-04-17 17:12:55'),
	(21, '', '2013-04-17 17:12:56'),
	(21, '', '2013-04-17 17:12:57'),
	(21, '', '2013-04-17 17:12:58'),
	(21, '', '2013-04-17 17:12:59'),
	(21, '', '2013-04-17 17:13:00'),
	(21, '', '2013-04-17 17:13:01'),
	(21, '', '2013-04-17 17:13:03'),
	(21, '', '2013-04-17 17:13:05'),
	(21, '', '2013-04-17 17:13:07'),
	(21, '', '2013-04-17 17:13:09'),
	(21, '', '2013-04-17 17:13:11'),
	(21, '', '2013-04-17 17:13:13'),
	(21, '', '2013-04-17 17:13:15'),
	(21, '', '2013-04-17 17:13:16'),
	(21, '', '2013-04-17 17:13:17'),
	(21, '', '2013-04-17 17:13:18'),
	(21, '', '2013-04-17 17:13:19'),
	(21, '', '2013-04-17 17:13:20'),
	(21, '', '2013-04-17 17:13:21'),
	(21, '', '2013-04-17 17:13:22'),
	(21, '', '2013-04-17 17:13:23'),
	(21, '', '2013-04-17 17:13:24'),
	(21, '', '2013-04-17 17:13:25'),
	(21, '', '2013-04-17 17:13:26'),
	(21, '', '2013-04-17 17:13:28'),
	(21, '', '2013-04-17 17:13:30'),
	(21, '', '2013-04-17 17:13:32'),
	(21, '', '2013-04-17 17:13:34'),
	(21, '', '2013-04-17 17:13:36'),
	(21, '', '2013-04-17 17:13:38'),
	(21, '', '2013-04-17 17:13:40'),
	(21, '', '2013-04-17 17:13:42'),
	(21, '', '2013-04-17 17:13:44'),
	(21, '', '2013-04-17 17:13:48'),
	(21, '', '2013-04-17 17:13:52'),
	(21, '', '2013-04-17 17:13:52'),
	(21, '', '2013-04-17 17:13:53'),
	(21, '', '2013-04-17 17:13:54'),
	(21, '', '2013-04-17 17:13:55'),
	(21, '', '2013-04-17 17:13:56'),
	(21, '', '2013-04-17 17:13:57'),
	(21, '', '2013-04-17 17:13:58'),
	(21, '', '2013-04-17 17:13:59'),
	(21, '', '2013-04-17 17:14:00'),
	(21, '', '2013-04-17 17:14:01'),
	(21, '', '2013-04-17 17:14:02'),
	(21, '', '2013-04-17 17:14:05'),
	(21, '', '2013-04-17 17:14:07'),
	(21, '', '2013-04-17 17:14:09'),
	(21, '', '2013-04-17 17:14:10'),
	(21, '', '2013-04-17 17:14:11'),
	(21, '', '2013-04-17 17:14:12'),
	(21, '', '2013-04-17 17:14:13'),
	(21, '', '2013-04-17 17:14:14'),
	(21, '', '2013-04-17 17:14:15'),
	(21, '', '2013-04-17 17:14:16'),
	(21, '', '2013-04-17 17:14:17'),
	(21, '', '2013-04-17 17:14:18'),
	(21, '', '2013-04-17 17:14:19'),
	(21, '', '2013-04-17 17:14:20'),
	(21, '', '2013-04-17 17:14:22'),
	(21, '', '2013-04-17 17:14:24'),
	(21, '', '2013-04-17 17:14:26'),
	(21, '', '2013-04-17 17:14:28'),
	(21, '', '2013-04-17 17:14:30'),
	(21, '', '2013-04-17 17:14:32'),
	(21, '', '2013-04-17 17:14:34'),
	(21, '', '2013-04-17 17:14:36'),
	(21, '', '2013-04-17 17:14:38'),
	(21, '', '2013-04-17 17:14:42'),
	(21, '', '2013-04-17 17:14:47'),
	(21, '', '2013-04-17 17:14:51'),
	(21, '', '2013-04-17 17:14:55'),
	(21, '', '2013-04-17 17:14:55'),
	(21, '', '2013-04-17 17:14:56'),
	(21, '', '2013-04-17 17:14:57'),
	(21, '', '2013-04-17 17:14:58'),
	(21, '', '2013-04-17 17:14:59'),
	(21, '', '2013-04-17 17:15:00'),
	(21, '', '2013-04-17 17:15:01'),
	(21, '', '2013-04-17 17:15:02'),
	(21, '', '2013-04-17 17:15:03'),
	(21, '', '2013-04-17 17:15:04'),
	(21, '', '2013-04-17 17:15:05'),
	(21, '', '2013-04-17 17:15:07'),
	(21, '', '2013-04-17 17:15:09'),
	(21, '', '2013-04-17 17:15:11'),
	(21, '', '2013-04-17 17:15:13'),
	(21, '', '2013-04-17 17:15:15'),
	(21, '', '2013-04-17 17:15:17'),
	(21, '', '2013-04-17 17:15:19'),
	(21, '', '2013-04-17 17:15:21'),
	(21, '', '2013-04-17 17:15:23'),
	(21, '', '2013-04-17 17:15:24'),
	(21, '', '2013-04-17 17:15:25'),
	(21, '', '2013-04-17 17:15:26'),
	(21, '', '2013-04-17 17:15:27'),
	(21, '', '2013-04-17 17:15:28'),
	(21, '', '2013-04-17 17:15:29'),
	(21, '', '2013-04-17 17:15:30'),
	(21, '', '2013-04-17 17:15:31'),
	(21, '', '2013-04-17 17:15:32'),
	(21, '', '2013-04-17 17:15:33'),
	(21, '', '2013-04-17 17:15:34'),
	(21, '', '2013-04-17 17:15:35'),
	(21, '', '2013-04-17 17:15:36'),
	(21, '', '2013-04-17 17:15:37'),
	(21, '', '2013-04-17 17:15:38'),
	(21, '', '2013-04-17 17:15:39'),
	(21, '', '2013-04-17 17:15:40'),
	(21, '', '2013-04-17 17:15:41'),
	(21, '', '2013-04-17 17:15:42'),
	(21, '', '2013-04-17 17:15:43'),
	(21, '', '2013-04-17 17:15:45'),
	(21, '', '2013-04-17 17:15:47'),
	(21, '', '2013-04-17 17:15:49'),
	(21, '', '2013-04-17 17:15:51'),
	(21, '', '2013-04-17 17:15:53'),
	(21, '', '2013-04-17 17:15:55'),
	(21, '', '2013-04-17 17:15:57'),
	(21, '', '2013-04-17 17:15:59'),
	(21, '', '2013-04-17 17:16:01'),
	(21, '', '2013-04-17 17:16:03'),
	(21, '', '2013-04-17 17:16:07'),
	(21, '', '2013-04-17 17:16:11'),
	(21, '', '2013-04-17 17:16:15'),
	(21, '', '2013-04-17 17:16:19'),
	(21, '', '2013-04-17 17:16:23'),
	(21, '', '2013-04-17 17:16:27'),
	(21, '', '2013-04-17 17:16:31'),
	(21, '', '2013-04-17 17:16:35'),
	(21, '', '2013-04-17 17:16:39'),
	(21, '', '2013-04-17 17:16:47'),
	(21, '', '2013-04-17 17:16:55'),
	(21, '', '2013-04-17 17:17:03'),
	(21, '', '2013-04-17 17:17:11'),
	(21, '', '2013-04-17 17:17:19'),
	(21, '', '2013-04-17 17:17:27'),
	(21, '', '2013-04-17 17:17:35'),
	(21, '', '2013-04-17 17:17:43'),
	(21, '', '2013-04-17 17:17:51'),
	(21, '', '2013-04-17 17:18:07'),
	(21, '', '2013-04-17 17:18:23'),
	(21, '', '2013-04-17 17:18:39'),
	(21, '', '2013-04-17 17:18:55'),
	(21, '', '2013-04-17 17:19:11'),
	(21, '', '2013-04-17 17:19:27'),
	(21, '', '2013-04-17 17:19:43'),
	(21, '', '2013-04-17 17:19:59'),
	(21, '', '2013-04-17 17:20:00'),
	(21, '', '2013-04-17 17:20:01'),
	(21, '', '2013-04-17 17:20:02'),
	(21, '', '2013-04-17 17:20:03'),
	(21, '', '2013-04-17 17:20:04'),
	(21, '', '2013-04-17 17:20:05'),
	(21, '', '2013-04-17 17:20:06'),
	(21, '', '2013-04-17 17:20:07'),
	(21, '', '2013-04-17 17:20:08'),
	(21, '', '2013-04-17 17:20:10'),
	(21, '', '2013-04-17 17:20:11'),
	(21, '', '2013-04-17 17:20:13'),
	(21, '', '2013-04-17 17:20:15'),
	(21, '', '2013-04-17 17:20:17'),
	(21, '', '2013-04-17 17:20:19'),
	(21, '', '2013-04-17 17:20:21'),
	(21, '', '2013-04-17 17:20:23'),
	(21, '', '2013-04-17 17:20:25'),
	(21, '', '2013-04-17 17:20:27'),
	(21, '', '2013-04-17 17:20:29'),
	(21, '', '2013-04-17 17:20:33'),
	(21, '', '2013-04-17 17:20:37'),
	(21, '', '2013-04-17 17:20:41'),
	(21, '', '2013-04-17 17:20:45'),
	(21, '', '2013-04-17 17:20:49'),
	(21, '', '2013-04-17 17:20:53'),
	(21, '', '2013-04-17 17:20:57'),
	(21, '', '2013-04-17 17:21:01'),
	(21, '', '2013-04-17 17:21:05'),
	(21, '', '2013-04-17 17:21:13'),
	(21, '', '2013-04-17 17:21:21'),
	(21, '', '2013-04-17 17:21:29'),
	(21, '', '2013-04-17 17:21:37'),
	(21, '', '2013-04-17 17:21:45'),
	(21, '', '2013-04-17 17:21:53'),
	(21, '', '2013-04-17 17:22:01'),
	(21, '', '2013-04-17 17:22:09'),
	(21, '', '2013-04-17 17:22:17'),
	(21, '', '2013-04-17 17:22:20'),
	(21, '', '2013-04-17 17:22:21'),
	(21, '', '2013-04-17 17:22:22'),
	(21, '', '2013-04-17 17:22:23'),
	(21, '', '2013-04-17 17:22:24'),
	(21, '', '2013-04-17 17:22:25'),
	(21, '', '2013-04-17 17:22:26'),
	(21, '', '2013-04-17 17:22:27'),
	(21, '', '2013-04-17 17:22:28'),
	(21, '', '2013-04-17 17:22:29'),
	(21, '', '2013-04-17 17:22:30'),
	(21, '', '2013-04-17 17:22:32'),
	(21, '', '2013-04-17 17:22:34'),
	(21, '', '2013-04-17 17:22:36'),
	(21, '', '2013-04-17 17:22:38'),
	(21, '', '2013-04-17 17:22:40'),
	(21, '', '2013-04-17 17:22:43'),
	(21, '', '2013-04-17 17:22:45'),
	(21, '', '2013-04-17 17:22:47'),
	(21, '', '2013-04-17 17:22:49'),
	(21, '', '2013-04-17 17:22:53'),
	(21, '', '2013-04-17 17:22:57'),
	(21, '', '2013-04-17 17:23:01'),
	(21, '', '2013-04-17 17:23:05'),
	(22, '', '2013-04-18 20:09:06'),
	(22, '', '2013-04-18 20:09:08'),
	(22, '', '2013-04-18 20:09:09'),
	(22, '', '2013-04-18 20:09:10'),
	(22, '', '2013-04-18 20:09:11'),
	(22, '', '2013-04-18 20:09:12'),
	(22, '', '2013-04-18 20:09:13'),
	(22, '', '2013-04-18 20:09:14'),
	(22, '', '2013-04-18 20:09:15'),
	(22, '', '2013-04-18 20:09:16'),
	(22, '', '2013-04-18 20:09:17'),
	(22, '', '2013-04-18 20:09:19'),
	(22, '', '2013-04-18 20:09:21'),
	(22, '', '2013-04-18 20:09:22'),
	(22, '', '2013-04-18 20:09:23'),
	(22, '', '2013-04-18 20:09:24'),
	(22, '', '2013-04-18 20:09:25'),
	(22, '', '2013-04-18 20:09:25'),
	(22, '', '2013-04-18 20:09:26'),
	(22, '', '2013-04-18 20:09:27'),
	(22, '', '2013-04-18 20:09:28'),
	(22, '', '2013-04-18 20:09:29'),
	(22, '', '2013-04-18 20:09:31'),
	(22, '', '2013-04-18 20:09:32'),
	(22, '', '2013-04-18 20:09:33'),
	(22, '', '2013-04-18 20:09:34'),
	(22, '', '2013-04-18 20:09:35'),
	(22, '', '2013-04-18 20:09:36'),
	(22, '', '2013-04-18 20:09:38'),
	(22, '', '2013-04-18 20:09:40'),
	(22, '', '2013-04-18 20:09:42'),
	(22, '', '2013-04-18 20:09:44'),
	(22, '', '2013-04-18 20:09:46'),
	(22, '', '2013-04-18 20:09:48'),
	(22, '', '2013-04-18 20:09:50'),
	(22, '', '2013-04-18 20:09:52'),
	(22, '', '2013-04-18 20:09:54'),
	(22, '', '2013-04-18 20:09:58'),
	(22, '', '2013-04-18 20:10:02'),
	(22, '', '2013-04-18 20:10:07'),
	(22, '', '2013-04-18 20:10:11'),
	(22, '', '2013-04-18 20:10:15'),
	(22, '', '2013-04-18 20:10:19'),
	(22, '', '2013-04-18 20:10:23'),
	(22, '', '2013-04-18 20:10:27'),
	(22, '', '2013-04-18 20:10:31'),
	(22, '', '2013-04-18 20:10:39'),
	(22, '', '2013-04-18 20:10:47'),
	(22, '', '2013-04-18 20:10:55'),
	(22, '', '2013-04-18 20:11:03'),
	(22, '', '2013-04-18 20:11:11'),
	(22, '', '2013-04-19 00:25:46'),
	(22, '', '2013-04-19 00:25:47'),
	(22, '', '2013-04-19 00:25:48'),
	(22, '', '2013-04-19 00:25:49'),
	(22, '', '2013-04-19 00:25:50'),
	(22, '', '2013-04-19 00:25:52'),
	(22, '', '2013-04-19 00:25:53'),
	(22, '', '2013-04-19 00:25:54'),
	(22, '', '2013-04-19 00:25:55'),
	(22, '', '2013-04-19 00:25:56'),
	(22, '', '2013-04-19 00:25:57'),
	(22, '', '2013-04-19 00:25:59'),
	(22, '', '2013-04-19 00:26:01'),
	(22, '', '2013-04-19 00:26:03'),
	(22, '', '2013-04-19 00:26:05'),
	(22, '', '2013-04-19 00:26:07'),
	(22, '', '2013-04-19 00:26:09'),
	(22, '', '2013-04-19 00:26:11'),
	(22, '', '2013-04-19 00:26:14'),
	(22, '', '2013-04-19 00:26:16'),
	(22, '', '2013-04-19 00:26:20'),
	(22, '', '2013-04-19 00:26:24'),
	(22, '', '2013-04-19 00:26:28'),
	(22, '', '2013-04-19 00:26:32'),
	(22, '', '2013-04-19 00:26:33'),
	(22, '', '2013-04-19 00:26:34'),
	(22, '', '2013-04-19 00:26:35'),
	(22, '', '2013-04-19 00:26:36'),
	(22, '', '2013-04-19 00:26:37'),
	(22, '', '2013-04-19 00:26:38'),
	(22, '', '2013-04-19 00:26:39'),
	(22, '', '2013-04-19 00:26:40'),
	(22, '', '2013-04-19 00:26:41'),
	(22, '', '2013-04-19 00:26:42'),
	(22, '', '2013-04-19 00:26:44'),
	(22, '', '2013-04-19 00:26:46'),
	(22, '', '2013-04-19 00:26:48'),
	(22, '', '2013-04-19 00:26:51'),
	(22, '', '2013-04-19 00:26:53'),
	(22, '', '2013-04-19 00:26:55'),
	(22, '', '2013-04-19 00:26:57'),
	(22, '', '2013-04-19 00:26:59'),
	(22, '', '2013-04-19 00:27:01'),
	(22, '', '2013-04-19 00:27:05'),
	(22, '', '2013-04-19 00:27:09'),
	(22, '', '2013-04-19 00:27:13'),
	(22, '', '2013-04-19 00:27:18'),
	(22, '', '2013-04-19 00:27:22'),
	(22, '', '2013-04-19 00:27:26'),
	(22, '', '2013-04-19 00:27:28'),
	(22, '', '2013-04-19 00:27:30'),
	(22, '', '2013-04-19 00:27:31'),
	(22, '', '2013-04-19 00:27:32'),
	(22, '', '2013-04-19 00:27:33'),
	(22, '', '2013-04-19 00:27:34'),
	(22, '', '2013-04-19 00:27:35'),
	(22, '', '2013-04-19 00:27:36'),
	(22, '', '2013-04-19 00:27:38'),
	(22, '', '2013-04-19 00:27:39'),
	(22, '', '2013-04-19 00:27:40'),
	(22, '', '2013-04-19 00:27:42'),
	(22, '', '2013-04-19 00:27:44'),
	(22, '', '2013-04-19 00:27:46'),
	(22, '', '2013-04-19 00:27:48'),
	(22, '', '2013-04-19 00:27:50'),
	(22, '', '2013-04-19 00:27:52'),
	(22, '', '2013-04-19 00:27:54'),
	(22, '', '2013-04-19 00:27:56'),
	(22, '', '2013-04-19 00:27:58'),
	(22, '', '2013-04-19 00:28:03'),
	(22, '', '2013-04-19 00:28:07'),
	(22, '', '2013-04-19 00:28:11'),
	(22, '', '2013-04-19 00:28:15'),
	(22, '', '2013-04-19 00:28:19'),
	(22, '', '2013-04-19 00:28:23'),
	(22, '', '2013-04-19 00:28:27'),
	(22, '', '2013-04-19 00:28:31'),
	(22, '', '2013-04-19 00:28:35'),
	(22, '', '2013-04-19 00:28:43'),
	(22, '', '2013-04-19 00:28:51'),
	(22, '', '2013-04-19 00:29:00'),
	(22, '', '2013-04-19 00:29:08'),
	(22, '', '2013-04-19 00:29:16'),
	(22, '', '2013-04-19 00:29:24'),
	(22, '', '2013-04-19 00:29:32'),
	(22, '', '2013-04-19 00:29:40'),
	(22, '', '2013-04-19 00:29:48'),
	(22, '', '2013-04-19 00:30:04'),
	(22, '', '2013-04-19 00:30:20'),
	(22, '', '2013-04-19 00:30:36'),
	(22, '', '2013-04-19 00:30:52'),
	(22, '', '2013-04-19 00:31:09'),
	(22, '', '2013-04-19 00:31:25'),
	(22, '', '2013-04-19 00:31:41'),
	(22, '', '2013-04-19 00:31:53'),
	(22, '', '2013-04-19 00:31:54'),
	(22, '', '2013-04-19 00:31:55'),
	(22, '', '2013-04-19 00:31:56'),
	(22, '', '2013-04-19 00:31:57'),
	(22, '', '2013-04-19 00:31:58'),
	(22, '', '2013-04-19 00:31:59'),
	(22, '', '2013-04-19 00:32:01'),
	(22, '', '2013-04-19 00:32:02'),
	(22, '', '2013-04-19 00:32:03'),
	(22, '', '2013-04-19 00:32:04'),
	(22, '', '2013-04-19 00:32:06'),
	(22, '', '2013-04-19 00:32:08'),
	(22, '', '2013-04-19 00:32:10'),
	(22, '', '2013-04-19 00:32:12'),
	(22, '', '2013-04-19 00:32:14'),
	(22, '', '2013-04-19 00:32:16'),
	(22, '', '2013-04-19 00:32:18'),
	(22, '', '2013-04-19 00:32:21'),
	(22, '', '2013-04-19 00:32:23'),
	(22, '', '2013-04-19 00:32:27'),
	(22, '', '2013-04-19 00:32:31'),
	(22, '', '2013-04-19 00:32:35'),
	(22, '', '2013-04-19 00:32:39'),
	(22, '', '2013-04-19 00:32:43'),
	(22, '', '2013-04-19 00:32:47'),
	(22, '', '2013-04-19 00:32:48'),
	(22, '', '2013-04-19 00:32:49'),
	(22, '', '2013-04-19 00:32:50'),
	(22, '', '2013-04-19 00:32:51'),
	(22, '', '2013-04-19 00:32:52'),
	(22, '', '2013-04-19 00:32:53'),
	(22, '', '2013-04-19 00:32:54'),
	(22, '', '2013-04-19 00:32:55'),
	(22, '', '2013-04-19 00:32:56'),
	(22, '', '2013-04-19 00:32:58'),
	(22, '', '2013-04-19 00:33:00'),
	(22, '', '2013-04-19 00:33:02'),
	(22, '', '2013-04-19 00:33:04'),
	(22, '', '2013-04-19 00:33:06'),
	(22, '', '2013-04-19 00:33:08'),
	(22, '', '2013-04-19 00:33:10'),
	(22, '', '2013-04-19 00:33:12'),
	(22, '', '2013-04-19 00:33:14'),
	(22, '', '2013-04-19 00:33:16'),
	(22, '', '2013-04-19 00:33:20'),
	(22, '', '2013-04-19 00:33:21'),
	(22, '', '2013-04-19 00:33:23'),
	(22, '', '2013-04-19 00:33:24'),
	(22, '', '2013-04-19 00:33:25'),
	(22, '', '2013-04-19 00:33:26'),
	(22, '', '2013-04-19 00:33:27'),
	(22, '', '2013-04-19 00:33:28'),
	(22, '', '2013-04-19 00:33:29'),
	(22, '', '2013-04-19 00:33:30'),
	(22, '', '2013-04-19 00:33:31'),
	(22, '', '2013-04-19 00:33:33'),
	(22, '', '2013-04-19 00:33:35'),
	(22, '', '2013-04-19 00:33:37'),
	(22, '', '2013-04-19 00:33:39'),
	(22, '', '2013-04-19 00:33:41'),
	(22, '', '2013-04-19 00:33:44'),
	(22, '', '2013-04-19 00:33:46'),
	(22, '', '2013-04-19 00:33:48'),
	(22, '', '2013-04-19 00:33:50'),
	(22, '', '2013-04-19 00:33:54'),
	(22, '', '2013-04-19 00:33:58'),
	(22, '', '2013-04-19 00:34:02'),
	(22, '', '2013-04-19 00:34:06'),
	(22, '', '2013-04-19 00:34:10'),
	(22, '', '2013-04-19 00:34:14'),
	(22, '', '2013-04-19 00:34:18'),
	(22, '', '2013-04-19 00:34:22'),
	(22, '', '2013-04-19 00:34:27'),
	(22, '', '2013-04-19 00:34:33'),
	(22, '', '2013-04-19 00:34:34'),
	(22, '', '2013-04-19 00:34:35'),
	(22, '', '2013-04-19 00:34:36'),
	(22, '', '2013-04-19 00:34:37'),
	(22, '', '2013-04-19 00:34:38'),
	(22, '', '2013-04-19 00:34:39'),
	(22, '', '2013-04-19 00:34:40'),
	(22, '', '2013-04-19 00:34:41'),
	(22, '', '2013-04-19 00:34:43'),
	(22, '', '2013-04-19 00:34:44'),
	(22, '', '2013-04-19 00:34:46'),
	(22, '', '2013-04-19 00:34:48'),
	(22, '', '2013-04-19 00:34:50'),
	(22, '', '2013-04-19 00:34:52'),
	(22, '', '2013-04-19 00:34:54'),
	(22, '', '2013-04-19 00:34:56'),
	(22, '', '2013-04-19 00:34:58'),
	(22, '', '2013-04-19 00:35:00'),
	(22, '', '2013-04-19 00:35:02'),
	(22, '', '2013-04-19 00:35:07'),
	(22, '', '2013-04-19 00:35:11'),
	(22, '', '2013-04-19 00:35:15'),
	(22, '', '2013-04-19 00:35:19'),
	(22, '', '2013-04-19 00:35:23'),
	(22, '', '2013-04-19 00:35:27'),
	(22, '', '2013-04-19 00:35:31'),
	(22, '', '2013-04-19 00:35:34'),
	(22, '', '2013-04-19 00:35:35'),
	(22, '', '2013-04-19 00:35:36'),
	(22, '', '2013-04-19 00:35:37'),
	(22, '', '2013-04-19 00:35:38'),
	(22, '', '2013-04-19 00:35:39'),
	(22, '', '2013-04-19 00:35:40'),
	(22, '', '2013-04-19 00:35:41'),
	(22, '', '2013-04-19 00:35:42'),
	(22, '', '2013-04-19 00:35:43'),
	(22, '', '2013-04-19 00:35:44'),
	(22, '', '2013-04-19 00:35:47'),
	(22, '', '2013-04-19 00:35:49'),
	(22, '', '2013-04-19 00:35:51'),
	(22, '', '2013-04-19 00:35:53'),
	(22, '', '2013-04-19 00:35:55'),
	(22, '', '2013-04-19 00:35:57'),
	(22, '', '2013-04-19 00:35:59'),
	(22, '', '2013-04-19 00:36:01'),
	(22, '', '2013-04-19 00:36:03'),
	(22, '', '2013-04-19 00:36:07'),
	(22, '', '2013-04-19 00:36:11'),
	(22, '', '2013-04-19 00:36:16'),
	(22, '', '2013-04-19 00:36:20'),
	(22, '', '2013-04-19 00:36:24'),
	(22, '', '2013-04-19 00:36:28'),
	(22, '', '2013-04-19 00:36:32'),
	(22, '', '2013-04-19 00:36:36'),
	(22, '', '2013-04-19 00:36:40'),
	(22, '', '2013-04-19 00:36:43'),
	(22, '', '2013-04-19 00:36:44'),
	(22, '', '2013-04-19 00:36:45'),
	(22, '', '2013-04-19 00:36:46'),
	(22, '', '2013-04-19 00:36:47'),
	(22, '', '2013-04-19 00:36:48'),
	(22, '', '2013-04-19 00:36:49'),
	(22, '', '2013-04-19 00:36:50'),
	(22, '', '2013-04-19 00:36:51'),
	(22, '', '2013-04-19 00:36:52'),
	(22, '', '2013-04-19 00:36:53'),
	(22, '', '2013-04-19 00:36:55'),
	(22, '', '2013-04-19 00:36:57'),
	(22, '', '2013-04-19 00:36:59'),
	(22, '', '2013-04-19 00:37:00'),
	(22, '', '2013-04-19 00:37:01'),
	(22, '', '2013-04-19 00:37:02'),
	(22, '', '2013-04-19 00:37:03'),
	(22, '', '2013-04-19 00:37:05'),
	(22, '', '2013-04-19 00:37:06'),
	(22, '', '2013-04-19 00:37:07'),
	(22, '', '2013-04-19 00:37:08'),
	(22, '', '2013-04-19 00:37:09'),
	(22, '', '2013-04-19 00:37:10'),
	(22, '', '2013-04-19 00:37:12'),
	(22, '', '2013-04-19 00:37:14'),
	(22, '', '2013-04-19 00:37:16'),
	(22, '', '2013-04-19 00:37:18'),
	(22, '', '2013-04-19 00:37:20'),
	(22, '', '2013-04-19 00:37:22'),
	(22, '', '2013-04-19 00:37:24'),
	(22, '', '2013-04-19 00:37:26'),
	(22, '', '2013-04-19 00:37:29'),
	(22, '', '2013-04-19 00:37:33'),
	(22, '', '2013-04-19 00:37:37'),
	(22, '', '2013-04-19 00:38:55'),
	(22, '', '2013-04-19 00:38:56'),
	(22, '', '2013-04-19 00:38:57'),
	(22, '', '2013-04-19 00:38:58'),
	(22, '', '2013-04-19 00:38:59'),
	(22, '', '2013-04-19 00:39:00'),
	(22, '', '2013-04-19 00:39:01'),
	(22, '', '2013-04-19 00:39:02'),
	(22, '', '2013-04-19 00:39:04'),
	(22, '', '2013-04-19 00:39:05'),
	(22, '', '2013-04-19 00:39:06'),
	(22, '', '2013-04-19 00:39:07'),
	(22, '', '2013-04-19 00:39:08'),
	(22, '', '2013-04-19 00:39:09'),
	(22, '', '2013-04-19 00:39:10'),
	(22, '', '2013-04-19 00:39:11'),
	(22, '', '2013-04-19 00:39:12'),
	(22, '', '2013-04-19 00:39:13'),
	(22, '', '2013-04-19 00:39:14'),
	(22, '', '2013-04-19 00:39:15'),
	(22, '', '2013-04-19 00:39:16'),
	(22, '', '2013-04-19 00:39:17'),
	(22, '', '2013-04-19 00:39:18'),
	(22, '', '2013-04-19 00:39:19'),
	(22, '', '2013-04-19 00:39:21'),
	(22, '', '2013-04-19 00:39:22'),
	(22, '', '2013-04-19 00:39:23'),
	(22, '', '2013-04-19 00:39:24'),
	(22, '', '2013-04-19 00:39:25'),
	(22, '', '2013-04-19 00:39:26'),
	(22, '', '2013-04-19 00:39:27'),
	(22, '', '2013-04-19 00:39:28'),
	(22, '', '2013-04-19 00:39:30'),
	(22, '', '2013-04-19 00:39:32'),
	(22, '', '2013-04-19 00:39:34'),
	(22, '', '2013-04-19 00:39:36'),
	(22, '', '2013-04-19 00:39:38'),
	(22, '', '2013-04-19 00:39:41'),
	(22, '', '2013-04-19 00:39:43'),
	(22, '', '2013-04-19 00:39:45'),
	(22, '', '2013-04-19 00:39:47'),
	(22, '', '2013-04-19 00:39:51'),
	(22, '', '2013-04-19 00:39:55'),
	(22, '', '2013-04-19 00:39:59'),
	(22, '', '2013-04-19 00:40:03'),
	(22, '', '2013-04-19 00:40:07'),
	(22, '', '2013-04-19 00:40:11'),
	(22, '', '2013-04-19 00:40:15'),
	(22, '', '2013-04-19 00:40:20'),
	(22, '', '2013-04-19 00:40:24'),
	(22, '', '2013-04-19 00:40:32'),
	(22, '', '2013-04-19 00:40:40'),
	(22, '', '2013-04-19 00:40:48'),
	(22, '', '2013-04-19 00:40:56'),
	(22, '', '2013-04-19 00:41:04'),
	(22, '', '2013-04-19 00:41:12'),
	(22, '', '2013-04-19 00:41:20'),
	(22, '', '2013-04-19 00:41:28'),
	(22, '', '2013-04-19 00:41:36'),
	(22, '', '2013-04-19 00:41:53'),
	(22, '', '2013-04-19 00:42:09'),
	(22, '', '2013-04-19 00:42:25'),
	(22, '', '2013-04-19 00:42:41'),
	(22, '', '2013-04-19 00:42:57'),
	(22, '', '2013-04-19 00:43:13'),
	(22, '', '2013-04-19 00:43:29'),
	(22, '', '2013-04-19 00:43:48'),
	(22, '', '2013-04-19 00:44:04'),
	(22, '', '2013-04-19 00:44:36'),
	(22, '', '2013-04-19 00:45:08'),
	(22, '', '2013-04-19 00:45:40'),
	(22, '', '2013-04-19 00:46:12'),
	(22, '', '2013-04-19 00:46:44'),
	(22, '', '2013-04-19 00:47:16'),
	(22, '', '2013-04-19 00:47:48'),
	(22, '', '2013-04-19 00:48:20'),
	(22, '', '2013-04-19 00:48:52'),
	(22, '', '2013-04-19 00:49:25'),
	(22, '', '2013-04-19 00:49:58'),
	(22, '', '2013-04-19 00:50:32'),
	(22, '', '2013-04-19 00:51:05'),
	(22, '', '2013-04-19 00:51:38'),
	(22, '', '2013-04-19 00:52:11'),
	(22, '', '2013-04-19 00:52:44'),
	(22, '', '2013-04-19 00:53:17'),
	(22, '', '2013-04-19 00:53:50'),
	(22, '', '2013-04-19 00:54:23'),
	(22, '', '2013-04-19 00:54:56'),
	(22, '', '2013-04-19 00:55:29'),
	(22, '', '2013-04-19 00:56:02'),
	(22, '', '2013-04-19 00:56:35'),
	(22, '', '2013-04-19 00:57:08'),
	(22, '', '2013-04-19 00:57:41'),
	(22, '', '2013-04-19 00:58:15'),
	(22, '', '2013-04-19 00:58:48'),
	(22, '', '2013-04-19 00:59:21'),
	(22, '', '2013-04-19 00:59:54'),
	(21, '', '2013-04-21 22:51:27'),
	(21, '', '2013-04-21 22:51:28'),
	(21, '', '2013-04-21 22:51:29'),
	(21, '', '2013-04-21 22:51:30'),
	(21, '', '2013-04-21 22:51:31'),
	(21, '', '2013-04-21 22:51:32'),
	(21, '', '2013-04-21 22:51:33'),
	(21, '', '2013-04-21 22:51:34'),
	(21, '', '2013-04-21 22:52:17'),
	(21, '', '2013-04-21 22:52:18'),
	(21, '', '2013-04-21 22:52:27'),
	(21, '', '2013-04-21 22:52:28'),
	(21, '', '2013-04-21 22:52:29'),
	(21, '', '2013-04-21 22:52:30'),
	(21, '', '2013-04-21 22:52:31'),
	(21, '', '2013-04-21 22:52:32'),
	(21, '', '2013-04-21 22:52:33'),
	(21, '', '2013-04-21 22:52:34'),
	(21, '', '2013-04-21 22:52:35'),
	(21, '', '2013-04-21 22:52:36'),
	(21, '', '2013-04-21 22:52:37'),
	(21, '', '2013-04-21 22:52:40'),
	(21, '', '2013-04-21 22:52:42'),
	(21, '', '2013-04-21 22:52:44'),
	(21, '', '2013-04-21 22:52:46'),
	(21, '', '2013-04-21 22:52:48'),
	(21, '', '2013-04-21 22:52:50'),
	(21, '', '2013-04-21 22:52:52'),
	(21, '', '2013-04-21 22:52:54'),
	(21, '', '2013-04-21 22:52:56'),
	(21, '', '2013-04-21 22:53:00'),
	(21, '', '2013-04-21 22:53:04'),
	(21, '', '2013-04-21 22:53:08'),
	(21, '', '2013-04-21 22:53:12'),
	(21, '', '2013-04-21 22:53:16'),
	(21, '', '2013-04-21 22:53:20'),
	(21, '', '2013-04-21 22:53:25'),
	(21, '', '2013-04-21 22:53:29'),
	(21, '', '2013-04-21 22:53:33'),
	(21, '', '2013-04-21 22:53:41'),
	(21, '', '2013-04-21 22:53:49'),
	(22, '', '2013-04-21 22:54:07'),
	(22, '', '2013-04-21 22:54:08'),
	(22, '', '2013-04-21 22:54:09'),
	(22, '', '2013-04-21 22:54:14'),
	(22, '', '2013-04-21 22:54:15'),
	(22, '', '2013-04-21 22:54:16'),
	(22, '', '2013-04-21 22:54:17'),
	(22, '', '2013-04-21 22:54:19'),
	(22, '', '2013-04-21 22:54:20'),
	(22, '', '2013-04-21 22:54:21'),
	(22, '', '2013-04-21 22:54:22'),
	(22, '', '2013-04-21 22:54:23'),
	(22, '', '2013-04-21 22:54:24'),
	(22, '', '2013-04-21 22:54:25'),
	(22, '', '2013-04-21 22:54:27'),
	(22, '', '2013-04-21 22:54:29'),
	(22, '', '2013-04-21 22:54:31'),
	(22, '', '2013-04-21 22:54:33'),
	(22, '', '2013-04-21 22:54:35'),
	(22, '', '2013-04-21 22:54:37'),
	(22, '', '2013-04-21 22:54:39'),
	(22, '', '2013-04-21 22:54:41'),
	(22, '', '2013-04-21 22:54:44'),
	(22, '', '2013-04-21 22:54:48'),
	(21, '', '2013-04-23 16:20:46'),
	(21, '', '2013-04-23 16:20:47'),
	(21, '', '2013-04-23 16:20:48'),
	(21, '', '2013-04-23 16:20:49'),
	(21, '', '2013-04-23 16:20:50'),
	(21, '', '2013-04-23 16:20:52'),
	(21, '', '2013-04-23 16:20:53'),
	(21, '', '2013-04-23 16:20:54'),
	(21, '', '2013-04-23 16:20:55'),
	(21, '', '2013-04-23 16:20:56'),
	(21, '', '2013-04-23 16:20:57'),
	(21, '', '2013-04-23 16:20:59'),
	(21, '', '2013-04-23 16:21:01'),
	(21, '', '2013-04-23 16:21:03'),
	(21, '', '2013-04-23 16:21:05'),
	(21, '', '2013-04-23 16:21:06'),
	(21, '', '2013-04-23 16:21:07'),
	(21, '', '2013-04-23 16:21:08'),
	(21, '', '2013-04-23 16:21:09'),
	(21, '', '2013-04-23 16:21:10'),
	(21, '', '2013-04-23 16:21:12'),
	(21, '', '2013-04-23 16:21:13'),
	(21, '', '2013-04-23 16:21:14'),
	(21, '', '2013-04-23 16:21:15'),
	(21, '', '2013-04-23 16:21:16'),
	(21, '', '2013-04-23 16:21:18'),
	(21, '', '2013-04-23 16:21:20'),
	(21, '', '2013-04-23 16:21:22'),
	(21, '', '2013-04-23 16:21:24'),
	(21, '', '2013-04-23 16:21:26'),
	(21, '', '2013-04-23 16:21:29'),
	(21, '', '2013-04-23 16:21:31'),
	(21, '', '2013-04-23 16:21:31'),
	(21, '', '2013-04-23 16:21:32'),
	(21, '', '2013-04-23 16:21:34'),
	(21, '', '2013-04-23 16:21:35'),
	(21, '', '2013-04-23 16:21:36'),
	(21, '', '2013-04-23 16:21:37'),
	(21, '', '2013-04-23 16:21:38'),
	(21, '', '2013-04-23 16:21:39'),
	(21, '', '2013-04-23 16:21:40'),
	(21, '', '2013-04-23 16:21:41'),
	(21, '', '2013-04-23 16:21:42'),
	(21, '', '2013-04-23 16:21:44'),
	(21, '', '2013-04-23 16:21:46'),
	(21, '', '2013-04-23 16:21:48'),
	(21, '', '2013-04-23 16:21:51'),
	(21, '', '2013-04-23 16:21:53'),
	(21, '', '2013-04-23 16:21:55'),
	(21, '', '2013-04-23 16:21:57'),
	(21, '', '2013-04-23 16:21:59'),
	(21, '', '2013-04-23 16:22:01'),
	(21, '', '2013-04-23 16:22:05'),
	(21, '', '2013-04-23 16:22:09'),
	(21, '', '2013-04-23 16:22:13'),
	(21, '', '2013-04-23 16:22:17'),
	(21, '', '2013-04-23 16:22:21'),
	(21, '', '2013-04-23 16:22:25'),
	(21, '', '2013-04-23 16:22:29'),
	(21, '', '2013-04-23 16:22:34'),
	(21, '', '2013-04-23 16:22:38'),
	(21, '', '2013-04-23 16:22:46'),
	(21, '', '2013-04-23 16:22:54'),
	(21, '', '2013-04-23 16:23:02'),
	(21, '', '2013-04-23 16:23:10'),
	(21, '', '2013-04-23 16:23:18'),
	(21, '', '2013-04-23 16:23:26'),
	(21, '', '2013-04-23 16:23:34'),
	(21, '', '2013-04-23 16:23:42'),
	(21, '', '2013-04-23 16:23:50'),
	(21, '', '2013-04-23 16:24:06'),
	(21, '', '2013-04-23 16:24:13'),
	(21, '', '2013-04-23 16:24:15'),
	(21, '', '2013-04-23 16:24:16'),
	(21, '', '2013-04-23 16:24:17'),
	(21, '', '2013-04-23 16:24:18'),
	(21, '', '2013-04-23 16:24:19'),
	(21, '', '2013-04-23 16:24:20'),
	(21, '', '2013-04-23 16:24:21'),
	(21, '', '2013-04-23 16:24:22'),
	(21, '', '2013-04-23 16:24:23'),
	(21, '', '2013-04-23 16:24:23'),
	(21, '', '2013-04-23 16:24:24'),
	(21, '', '2013-04-23 16:24:26'),
	(21, '', '2013-04-23 16:24:28'),
	(21, '', '2013-04-23 16:24:30'),
	(21, '', '2013-04-23 16:24:33'),
	(21, '', '2013-04-23 16:24:35'),
	(21, '', '2013-04-23 16:24:37'),
	(21, '', '2013-04-23 16:24:39'),
	(21, '', '2013-04-23 16:24:41'),
	(21, '', '2013-04-23 16:24:43'),
	(21, '', '2013-04-23 16:24:47'),
	(21, '', '2013-04-23 16:24:51'),
	(20, '', '2013-04-23 16:25:08'),
	(20, '', '2013-04-23 16:25:09'),
	(20, '', '2013-04-23 16:25:10'),
	(20, '', '2013-04-23 16:25:11'),
	(20, '', '2013-04-23 16:25:13'),
	(20, '', '2013-04-23 16:25:14'),
	(20, '', '2013-04-23 16:25:15'),
	(20, '', '2013-04-23 16:25:16'),
	(20, '', '2013-04-23 16:25:17'),
	(20, '', '2013-04-23 16:25:18'),
	(20, '', '2013-04-23 16:25:19'),
	(20, '', '2013-04-23 16:25:20'),
	(20, '', '2013-04-23 16:25:21'),
	(20, '', '2013-04-23 16:25:22'),
	(20, '', '2013-04-23 16:25:23'),
	(20, '', '2013-04-23 16:25:24'),
	(20, '', '2013-04-23 16:25:25'),
	(20, '', '2013-04-23 16:25:26'),
	(20, '', '2013-04-23 16:25:27'),
	(20, '', '2013-04-23 16:25:29'),
	(20, '', '2013-04-23 16:25:31'),
	(20, '', '2013-04-23 16:25:32'),
	(20, '', '2013-04-23 16:25:33'),
	(20, '', '2013-04-23 16:25:34'),
	(20, '', '2013-04-23 16:25:35'),
	(20, '', '2013-04-23 16:25:36'),
	(20, '', '2013-04-23 16:25:37'),
	(20, '', '2013-04-23 16:25:38'),
	(20, '', '2013-04-23 16:25:39'),
	(20, '', '2013-04-23 16:25:40'),
	(20, '', '2013-04-23 16:25:41'),
	(20, '', '2013-04-23 16:25:42'),
	(20, '', '2013-04-23 16:25:44'),
	(20, '', '2013-04-23 16:25:47'),
	(20, '', '2013-04-23 16:25:49'),
	(20, '', '2013-04-23 16:25:51'),
	(20, '', '2013-04-23 16:25:53'),
	(20, '', '2013-04-23 16:25:55'),
	(20, '', '2013-04-23 16:25:57'),
	(20, '', '2013-04-23 16:25:59'),
	(20, '', '2013-04-23 16:26:01'),
	(20, '', '2013-04-23 16:26:05'),
	(20, '', '2013-04-23 16:26:09'),
	(20, '', '2013-04-23 16:26:13'),
	(20, '', '2013-04-23 16:26:17'),
	(20, '', '2013-04-23 16:26:21'),
	(20, '', '2013-04-23 16:26:26'),
	(20, '', '2013-04-23 16:26:30'),
	(20, '', '2013-04-23 16:26:34'),
	(20, '', '2013-04-23 16:26:38'),
	(20, '', '2013-04-23 16:26:46'),
	(20, '', '2013-04-23 16:26:54'),
	(20, '', '2013-04-23 16:27:02'),
	(20, '', '2013-04-23 16:27:10'),
	(20, '', '2013-04-23 16:27:18'),
	(20, '', '2013-04-23 16:27:26'),
	(20, '', '2013-04-23 16:27:34'),
	(20, '', '2013-04-23 16:27:42'),
	(20, '', '2013-04-23 16:27:50'),
	(20, '', '2013-04-23 16:28:07'),
	(20, '', '2013-04-23 16:28:23'),
	(20, '', '2013-04-23 16:28:29'),
	(20, '', '2013-04-23 16:28:31'),
	(20, '', '2013-04-23 16:28:32'),
	(20, '', '2013-04-23 16:28:33'),
	(20, '', '2013-04-23 16:28:34'),
	(20, '', '2013-04-23 16:28:35'),
	(20, '', '2013-04-23 16:28:36'),
	(20, '', '2013-04-23 16:28:37'),
	(20, '', '2013-04-23 16:28:38'),
	(20, '', '2013-04-23 16:28:39'),
	(20, '', '2013-04-23 16:28:40'),
	(20, '', '2013-04-23 16:28:43'),
	(20, '', '2013-04-23 16:28:45'),
	(20, '', '2013-04-23 16:28:47'),
	(20, '', '2013-04-23 16:28:49'),
	(20, '', '2013-04-23 16:28:51'),
	(20, '', '2013-04-23 16:28:53'),
	(20, '', '2013-04-23 16:28:55'),
	(20, '', '2013-04-23 16:28:57'),
	(20, '', '2013-04-23 16:28:59'),
	(20, '', '2013-04-23 16:29:03'),
	(20, '', '2013-04-23 16:29:08'),
	(20, '', '2013-04-23 16:29:09'),
	(20, '', '2013-04-23 16:29:10'),
	(20, '', '2013-04-23 16:29:11'),
	(20, '', '2013-04-23 16:29:12'),
	(20, '', '2013-04-23 16:29:13'),
	(20, '', '2013-04-23 16:29:14'),
	(20, '', '2013-04-23 16:29:15'),
	(20, '', '2013-04-23 16:29:16'),
	(20, '', '2013-04-23 16:29:17'),
	(20, '', '2013-04-23 16:29:18'),
	(21, '', '2013-04-23 16:29:32'),
	(21, '', '2013-04-23 16:29:34'),
	(21, '', '2013-04-23 16:29:34'),
	(21, '', '2013-04-23 16:29:35'),
	(21, '', '2013-04-23 16:29:36'),
	(21, '', '2013-04-23 16:29:38'),
	(21, '', '2013-04-23 16:29:39'),
	(21, '', '2013-04-23 16:29:40'),
	(21, '', '2013-04-23 16:29:41'),
	(21, '', '2013-04-23 16:29:42'),
	(21, '', '2013-04-23 16:29:43'),
	(21, '', '2013-04-23 16:29:44'),
	(21, '', '2013-04-23 16:29:45'),
	(21, '', '2013-04-23 16:29:46'),
	(21, '', '2013-04-23 16:29:47'),
	(21, '', '2013-04-23 16:29:48'),
	(21, '', '2013-04-23 16:29:50'),
	(21, '', '2013-04-23 16:29:52'),
	(21, '', '2013-04-23 16:29:55'),
	(21, '', '2013-04-23 16:29:57'),
	(21, '', '2013-04-23 16:29:59'),
	(21, '', '2013-04-23 16:30:01'),
	(21, '', '2013-04-23 16:30:03'),
	(21, '', '2013-04-23 16:30:05'),
	(21, '', '2013-04-23 16:30:07'),
	(21, '', '2013-04-23 16:30:11'),
	(21, '', '2013-04-23 16:30:15'),
	(21, '', '2013-04-23 16:30:19'),
	(21, '', '2013-04-23 16:30:23'),
	(21, '', '2013-04-23 16:30:28'),
	(21, '', '2013-04-23 16:30:29'),
	(21, '', '2013-04-23 16:30:30'),
	(21, '', '2013-04-23 16:30:31'),
	(21, '', '2013-04-23 16:30:32'),
	(21, '', '2013-04-23 16:30:33'),
	(21, '', '2013-04-23 16:30:34'),
	(21, '', '2013-04-23 16:30:36'),
	(21, '', '2013-04-23 16:30:37'),
	(21, '', '2013-04-23 16:30:38'),
	(21, '', '2013-04-23 16:30:39'),
	(21, '', '2013-04-23 16:30:41'),
	(21, '', '2013-04-23 16:30:43'),
	(21, '', '2013-04-23 16:30:45'),
	(21, '', '2013-04-23 16:30:47'),
	(21, '', '2013-04-23 16:30:49'),
	(21, '', '2013-04-23 16:30:51'),
	(21, '', '2013-04-23 16:30:53'),
	(21, '', '2013-04-23 16:30:56'),
	(21, '', '2013-04-23 16:30:58'),
	(21, '', '2013-04-23 16:31:02'),
	(22, '', '2013-04-23 16:31:05'),
	(21, '', '2013-04-23 16:31:06'),
	(22, '', '2013-04-23 16:31:06'),
	(22, '', '2013-04-23 16:31:07'),
	(22, '', '2013-04-23 16:31:08'),
	(22, '', '2013-04-23 16:31:09'),
	(21, '', '2013-04-23 16:31:10'),
	(22, '', '2013-04-23 16:31:10'),
	(22, '', '2013-04-23 16:31:11'),
	(22, '', '2013-04-23 16:31:12'),
	(22, '', '2013-04-23 16:31:13'),
	(21, '', '2013-04-23 16:31:14'),
	(22, '', '2013-04-23 16:31:14'),
	(22, '', '2013-04-23 16:31:15'),
	(22, '', '2013-04-23 16:31:17'),
	(22, '', '2013-04-23 16:31:18'),
	(21, '', '2013-04-23 16:31:18'),
	(22, '', '2013-04-23 16:31:19'),
	(22, '', '2013-04-23 16:31:20'),
	(22, '', '2013-04-23 16:31:21'),
	(21, '', '2013-04-23 16:31:22'),
	(22, '', '2013-04-23 16:31:23'),
	(22, '', '2013-04-23 16:31:24'),
	(22, '', '2013-04-23 16:31:25'),
	(21, '', '2013-04-23 16:31:26'),
	(22, '', '2013-04-23 16:31:26'),
	(22, '', '2013-04-23 16:31:27'),
	(22, '', '2013-04-23 16:31:28'),
	(22, '', '2013-04-23 16:31:29'),
	(21, '', '2013-04-23 16:31:30'),
	(22, '', '2013-04-23 16:31:31'),
	(21, '', '2013-04-23 16:31:31'),
	(22, '', '2013-04-23 16:31:32'),
	(21, '', '2013-04-23 16:31:32'),
	(22, '', '2013-04-23 16:31:33'),
	(21, '', '2013-04-23 16:31:33'),
	(22, '', '2013-04-23 16:31:34'),
	(21, '', '2013-04-23 16:31:34'),
	(21, '', '2013-04-23 16:31:35'),
	(22, '', '2013-04-23 16:31:36'),
	(21, '', '2013-04-23 16:31:37'),
	(21, '', '2013-04-23 16:31:38'),
	(22, '', '2013-04-23 16:31:38'),
	(21, '', '2013-04-23 16:31:39'),
	(21, '', '2013-04-23 16:31:40'),
	(22, '', '2013-04-23 16:31:40'),
	(21, '', '2013-04-23 16:31:41'),
	(21, '', '2013-04-23 16:31:42'),
	(22, '', '2013-04-23 16:31:42'),
	(21, '', '2013-04-23 16:31:44'),
	(22, '', '2013-04-23 16:31:44'),
	(21, '', '2013-04-23 16:31:46'),
	(22, '', '2013-04-23 16:31:46'),
	(21, '', '2013-04-23 16:31:48'),
	(22, '', '2013-04-23 16:31:48'),
	(21, '', '2013-04-23 16:31:50'),
	(22, '', '2013-04-23 16:31:50'),
	(21, '', '2013-04-23 16:31:52'),
	(22, '', '2013-04-23 16:31:52'),
	(21, '', '2013-04-23 16:31:54'),
	(21, '', '2013-04-23 16:31:56'),
	(22, '', '2013-04-23 16:31:56'),
	(21, '', '2013-04-23 16:31:58'),
	(22, '', '2013-04-23 16:32:00'),
	(21, '', '2013-04-23 16:32:00'),
	(22, '', '2013-04-23 16:32:04'),
	(21, '', '2013-04-23 16:32:04'),
	(22, '', '2013-04-23 16:32:09'),
	(21, '', '2013-04-23 16:32:09'),
	(21, '', '2013-04-23 16:32:13'),
	(22, '', '2013-04-23 16:32:13'),
	(21, '', '2013-04-23 16:32:17'),
	(22, '', '2013-04-23 16:32:17'),
	(22, '', '2013-04-23 16:32:21'),
	(21, '', '2013-04-23 16:32:21'),
	(22, '', '2013-04-23 16:32:25'),
	(21, '', '2013-04-23 16:32:25'),
	(21, '', '2013-04-23 16:32:29'),
	(22, '', '2013-04-23 16:32:29'),
	(21, '', '2013-04-23 16:32:33'),
	(22, '', '2013-04-23 16:32:36'),
	(22, '', '2013-04-23 16:32:37'),
	(21, '', '2013-04-23 16:32:37'),
	(22, '', '2013-04-23 16:32:38'),
	(22, '', '2013-04-23 16:32:39'),
	(22, '', '2013-04-23 16:32:40'),
	(22, '', '2013-04-23 16:32:41'),
	(22, '', '2013-04-23 16:32:42'),
	(22, '', '2013-04-23 16:32:43'),
	(22, '', '2013-04-23 16:32:44'),
	(21, '', '2013-04-23 16:32:45'),
	(22, '', '2013-04-23 16:32:45'),
	(22, '', '2013-04-23 16:32:46'),
	(22, '', '2013-04-23 16:32:48'),
	(22, '', '2013-04-23 16:32:51'),
	(22, '', '2013-04-23 16:32:53'),
	(21, '', '2013-04-23 16:32:53'),
	(22, '', '2013-04-23 16:32:55'),
	(22, '', '2013-04-23 16:32:57'),
	(22, '', '2013-04-23 16:32:59'),
	(22, '', '2013-04-23 16:33:01'),
	(21, '', '2013-04-23 16:33:01'),
	(22, '', '2013-04-23 16:33:03'),
	(22, '', '2013-04-23 16:33:05'),
	(22, '', '2013-04-23 16:33:09'),
	(21, '', '2013-04-23 16:33:09'),
	(22, '', '2013-04-23 16:33:13'),
	(22, '', '2013-04-23 16:33:17'),
	(21, '', '2013-04-23 16:33:17'),
	(22, '', '2013-04-23 16:33:21'),
	(21, '', '2013-04-23 16:33:25'),
	(22, '', '2013-04-23 16:33:25'),
	(22, '', '2013-04-23 16:33:29'),
	(21, '', '2013-04-23 16:33:33'),
	(22, '', '2013-04-23 16:33:34'),
	(22, '', '2013-04-23 16:33:38'),
	(21, '', '2013-04-23 16:33:42'),
	(22, '', '2013-04-23 16:33:42'),
	(21, '', '2013-04-23 16:33:50'),
	(22, '', '2013-04-23 16:33:50'),
	(22, '', '2013-04-23 16:33:58'),
	(21, '', '2013-04-23 16:34:06'),
	(22, '', '2013-04-23 16:34:06'),
	(22, '', '2013-04-23 16:34:14'),
	(21, '', '2013-04-23 16:34:16'),
	(21, '', '2013-04-23 16:34:17'),
	(21, '', '2013-04-23 16:34:18'),
	(21, '', '2013-04-23 16:34:19'),
	(21, '', '2013-04-23 16:34:20'),
	(22, '', '2013-04-23 16:34:21'),
	(21, '', '2013-04-23 16:34:21'),
	(22, '', '2013-04-23 16:34:22'),
	(21, '', '2013-04-23 16:34:22'),
	(22, '', '2013-04-23 16:34:23'),
	(21, '', '2013-04-23 16:34:23'),
	(22, '', '2013-04-23 16:34:24'),
	(21, '', '2013-04-23 16:34:24'),
	(22, '', '2013-04-23 16:34:25'),
	(21, '', '2013-04-23 16:34:25'),
	(22, '', '2013-04-23 16:34:26'),
	(21, '', '2013-04-23 16:34:26'),
	(22, '', '2013-04-23 16:34:27'),
	(22, '', '2013-04-23 16:34:28'),
	(21, '', '2013-04-23 16:34:28'),
	(22, '', '2013-04-23 16:34:29'),
	(22, '', '2013-04-23 16:34:30'),
	(21, '', '2013-04-23 16:34:30'),
	(22, '', '2013-04-23 16:34:31'),
	(22, '', '2013-04-23 16:34:32'),
	(21, '', '2013-04-23 16:34:33'),
	(22, '', '2013-04-23 16:34:34'),
	(22, '', '2013-04-23 16:34:35'),
	(21, '', '2013-04-23 16:34:35'),
	(22, '', '2013-04-23 16:34:37'),
	(21, '', '2013-04-23 16:34:37'),
	(22, '', '2013-04-23 16:34:39'),
	(21, '', '2013-04-23 16:34:39'),
	(22, '', '2013-04-23 16:34:41'),
	(21, '', '2013-04-23 16:34:41'),
	(22, '', '2013-04-23 16:34:43'),
	(21, '', '2013-04-23 16:34:43'),
	(22, '', '2013-04-23 16:34:45'),
	(21, '', '2013-04-23 16:34:45'),
	(22, '', '2013-04-23 16:34:47'),
	(21, '', '2013-04-23 16:34:49'),
	(22, '', '2013-04-23 16:34:49'),
	(22, '', '2013-04-23 16:34:51'),
	(21, '', '2013-04-23 16:34:53'),
	(22, '', '2013-04-23 16:34:53'),
	(21, '', '2013-04-23 16:34:57'),
	(22, '', '2013-04-23 16:34:57'),
	(21, '', '2013-04-23 16:35:01'),
	(22, '', '2013-04-23 16:35:01'),
	(21, '', '2013-04-23 16:35:05'),
	(22, '', '2013-04-23 16:35:05'),
	(21, '', '2013-04-23 16:35:09'),
	(22, '', '2013-04-23 16:35:09'),
	(21, '', '2013-04-23 16:35:13'),
	(22, '', '2013-04-23 16:35:14'),
	(21, '', '2013-04-23 16:35:18'),
	(22, '', '2013-04-23 16:35:18'),
	(22, '', '2013-04-23 16:35:22'),
	(21, '', '2013-04-23 16:35:22'),
	(22, '', '2013-04-23 16:35:24'),
	(22, '', '2013-04-23 16:35:25'),
	(22, '', '2013-04-23 16:35:26'),
	(22, '', '2013-04-23 16:35:27'),
	(22, '', '2013-04-23 16:35:28'),
	(22, '', '2013-04-23 16:35:29'),
	(21, '', '2013-04-23 16:35:30'),
	(22, '', '2013-04-23 16:35:30'),
	(22, '', '2013-04-23 16:35:31'),
	(22, '', '2013-04-23 16:35:32'),
	(22, '', '2013-04-23 16:35:33'),
	(22, '', '2013-04-23 16:35:34'),
	(22, '', '2013-04-23 16:35:37'),
	(21, '', '2013-04-23 16:35:38'),
	(22, '', '2013-04-23 16:35:39'),
	(22, '', '2013-04-23 16:35:41'),
	(22, '', '2013-04-23 16:35:43'),
	(22, '', '2013-04-23 16:35:45'),
	(21, '', '2013-04-23 16:35:46'),
	(22, '', '2013-04-23 16:35:47'),
	(22, '', '2013-04-23 16:35:49'),
	(22, '', '2013-04-23 16:35:51'),
	(22, '', '2013-04-23 16:35:53'),
	(21, '', '2013-04-23 16:35:54'),
	(22, '', '2013-04-23 16:35:55'),
	(22, '', '2013-04-23 16:35:56'),
	(22, '', '2013-04-23 16:35:57'),
	(22, '', '2013-04-23 16:35:58'),
	(22, '', '2013-04-23 16:35:59'),
	(22, '', '2013-04-23 16:36:00'),
	(22, '', '2013-04-23 16:36:01'),
	(21, '', '2013-04-23 16:36:02'),
	(22, '', '2013-04-23 16:36:02'),
	(22, '', '2013-04-23 16:36:03'),
	(22, '', '2013-04-23 16:36:04'),
	(22, '', '2013-04-23 16:36:06'),
	(22, '', '2013-04-23 16:36:08'),
	(22, '', '2013-04-23 16:36:10'),
	(21, '', '2013-04-23 16:36:10'),
	(22, '', '2013-04-23 16:36:12'),
	(22, '', '2013-04-23 16:36:14'),
	(22, '', '2013-04-23 16:36:16'),
	(22, '', '2013-04-23 16:36:18'),
	(21, '', '2013-04-23 16:36:18'),
	(22, '', '2013-04-23 16:36:20'),
	(22, '', '2013-04-23 16:36:22'),
	(22, '', '2013-04-23 16:36:24'),
	(21, '', '2013-04-23 16:36:26'),
	(22, '', '2013-04-23 16:36:28'),
	(22, '', '2013-04-23 16:36:32'),
	(21, '', '2013-04-23 16:36:34'),
	(22, '', '2013-04-23 16:36:36'),
	(22, '', '2013-04-23 16:36:40'),
	(22, '', '2013-04-23 16:36:45'),
	(22, '', '2013-04-23 16:36:49'),
	(21, '', '2013-04-23 16:36:50'),
	(22, '', '2013-04-23 16:36:53'),
	(22, '', '2013-04-23 16:36:57'),
	(22, '', '2013-04-23 16:37:01'),
	(21, '', '2013-04-23 16:37:06'),
	(22, '', '2013-04-23 16:37:09'),
	(22, '', '2013-04-23 16:37:17'),
	(21, '', '2013-04-23 16:37:22'),
	(22, '', '2013-04-23 16:37:25'),
	(22, '', '2013-04-23 16:37:33'),
	(21, '', '2013-04-23 16:37:39'),
	(22, '', '2013-04-23 16:37:41'),
	(22, '', '2013-04-23 16:37:49'),
	(21, '', '2013-04-23 16:37:55'),
	(22, '', '2013-04-23 16:37:57'),
	(22, '', '2013-04-23 16:38:05'),
	(21, '', '2013-04-23 16:38:11'),
	(22, '', '2013-04-23 16:38:13'),
	(21, '', '2013-04-23 16:38:27'),
	(22, '', '2013-04-23 16:38:29'),
	(21, '', '2013-04-23 16:38:43'),
	(22, '', '2013-04-23 16:38:46'),
	(21, '', '2013-04-23 16:38:59'),
	(22, '', '2013-04-23 16:39:02'),
	(22, '', '2013-04-23 16:39:18'),
	(21, '', '2013-04-23 16:39:31'),
	(22, '', '2013-04-23 16:39:34'),
	(22, '', '2013-04-23 16:39:50'),
	(21, '', '2013-04-23 16:40:03'),
	(22, '', '2013-04-23 16:40:06'),
	(22, '', '2013-04-23 16:40:10'),
	(22, '', '2013-04-23 16:40:11'),
	(22, '', '2013-04-23 16:40:12'),
	(22, '', '2013-04-23 16:40:13'),
	(22, '', '2013-04-23 16:40:14'),
	(22, '', '2013-04-23 16:40:15'),
	(22, '', '2013-04-23 16:40:16'),
	(22, '', '2013-04-23 16:40:17'),
	(22, '', '2013-04-23 16:40:19'),
	(22, '', '2013-04-23 16:40:20'),
	(22, '', '2013-04-23 16:40:21'),
	(22, '', '2013-04-23 16:40:23'),
	(22, '', '2013-04-23 16:40:25'),
	(22, '', '2013-04-23 16:40:27'),
	(22, '', '2013-04-23 16:40:29'),
	(22, '', '2013-04-23 16:40:31'),
	(22, '', '2013-04-23 16:40:33'),
	(21, '', '2013-04-23 16:40:35'),
	(22, '', '2013-04-23 16:40:35'),
	(22, '', '2013-04-23 16:40:37'),
	(22, '', '2013-04-23 16:40:39'),
	(22, '', '2013-04-23 16:40:43'),
	(22, '', '2013-04-23 16:40:47'),
	(22, '', '2013-04-23 16:40:52'),
	(22, '', '2013-04-23 16:40:56'),
	(22, '', '2013-04-23 16:41:00'),
	(22, '', '2013-04-23 16:41:04'),
	(21, '', '2013-04-23 16:41:07'),
	(22, '', '2013-04-23 16:41:08'),
	(22, '', '2013-04-23 16:41:12'),
	(22, '', '2013-04-23 16:41:16'),
	(22, '', '2013-04-23 16:41:20'),
	(22, '', '2013-04-23 16:41:21'),
	(22, '', '2013-04-23 16:41:22'),
	(22, '', '2013-04-23 16:41:24'),
	(22, '', '2013-04-23 16:41:25'),
	(22, '', '2013-04-23 16:41:26'),
	(22, '', '2013-04-23 16:41:27'),
	(22, '', '2013-04-23 16:41:28'),
	(22, '', '2013-04-23 16:41:29'),
	(22, '', '2013-04-23 16:41:30'),
	(22, '', '2013-04-23 16:41:31'),
	(22, '', '2013-04-23 16:41:33'),
	(22, '', '2013-04-23 16:41:34'),
	(22, '', '2013-04-23 16:41:35'),
	(22, '', '2013-04-23 16:41:37'),
	(22, '', '2013-04-23 16:41:38'),
	(22, '', '2013-04-23 16:41:39'),
	(21, '', '2013-04-23 16:41:39'),
	(22, '', '2013-04-23 16:41:40'),
	(22, '', '2013-04-23 16:41:41'),
	(22, '', '2013-04-23 16:41:42'),
	(22, '', '2013-04-23 16:41:43'),
	(22, '', '2013-04-23 16:41:44'),
	(22, '', '2013-04-23 16:41:45'),
	(22, '', '2013-04-23 16:41:47'),
	(22, '', '2013-04-23 16:41:49'),
	(22, '', '2013-04-23 16:41:51'),
	(22, '', '2013-04-23 16:41:53'),
	(22, '', '2013-04-23 16:41:55'),
	(22, '', '2013-04-23 16:41:58'),
	(22, '', '2013-04-23 16:42:00'),
	(22, '', '2013-04-23 16:42:02'),
	(22, '', '2013-04-23 16:42:04'),
	(22, '', '2013-04-23 16:42:08'),
	(21, '', '2013-04-23 16:42:11'),
	(22, '', '2013-04-23 16:42:12'),
	(22, '', '2013-04-23 16:42:16'),
	(22, '', '2013-04-23 16:42:20'),
	(22, '', '2013-04-23 16:42:24'),
	(22, '', '2013-04-23 16:42:28'),
	(22, '', '2013-04-23 16:42:32'),
	(22, '', '2013-04-23 16:42:36'),
	(22, '', '2013-04-23 16:42:40'),
	(21, '', '2013-04-23 16:42:43'),
	(21, '', '2013-04-23 16:43:16'),
	(22, '', '2013-04-23 16:43:27'),
	(22, '', '2013-04-23 16:43:28'),
	(22, '', '2013-04-23 16:43:29'),
	(22, '', '2013-04-23 16:43:30'),
	(22, '', '2013-04-23 16:43:31'),
	(22, '', '2013-04-23 16:43:32'),
	(22, '', '2013-04-23 16:43:33'),
	(22, '', '2013-04-23 16:43:34'),
	(22, '', '2013-04-23 16:43:35'),
	(22, '', '2013-04-23 16:43:36'),
	(22, '', '2013-04-23 16:43:37'),
	(22, '', '2013-04-23 16:43:40'),
	(22, '', '2013-04-23 16:43:42'),
	(22, '', '2013-04-23 16:43:44'),
	(22, '', '2013-04-23 16:43:46'),
	(22, '', '2013-04-23 16:43:48'),
	(21, '', '2013-04-23 16:43:48'),
	(22, '', '2013-04-23 16:43:50'),
	(22, '', '2013-04-23 16:43:52'),
	(22, '', '2013-04-23 16:43:54'),
	(22, '', '2013-04-23 16:43:56'),
	(22, '', '2013-04-23 16:44:00'),
	(22, '', '2013-04-23 16:44:04'),
	(22, '', '2013-04-23 16:44:08'),
	(22, '', '2013-04-23 16:44:12'),
	(22, '', '2013-04-23 16:44:16'),
	(22, '', '2013-04-23 16:44:20'),
	(21, '', '2013-04-23 16:44:21'),
	(22, '', '2013-04-23 16:44:24'),
	(22, '', '2013-04-23 16:44:29'),
	(22, '', '2013-04-23 16:44:33'),
	(22, '', '2013-04-23 16:44:41'),
	(22, '', '2013-04-23 16:44:49'),
	(21, '', '2013-04-23 16:44:54'),
	(22, '', '2013-04-23 16:44:57'),
	(22, '', '2013-04-23 16:45:05'),
	(22, '', '2013-04-23 16:45:13'),
	(22, '', '2013-04-23 16:45:21'),
	(21, '', '2013-04-23 16:45:27'),
	(22, '', '2013-04-23 16:45:29'),
	(22, '', '2013-04-23 16:45:37'),
	(22, '', '2013-04-23 16:45:45'),
	(21, '', '2013-04-23 16:46:00'),
	(22, '', '2013-04-23 16:46:01'),
	(22, '', '2013-04-23 16:46:17'),
	(21, '', '2013-04-23 16:46:33'),
	(22, '', '2013-04-23 16:46:33'),
	(22, '', '2013-04-23 16:46:50'),
	(22, '', '2013-04-23 16:47:06'),
	(21, '', '2013-04-23 16:47:06'),
	(22, '', '2013-04-23 16:47:22'),
	(22, '', '2013-04-23 16:47:38'),
	(21, '', '2013-04-23 16:47:40'),
	(22, '', '2013-04-23 16:47:54'),
	(22, '', '2013-04-23 16:48:10'),
	(21, '', '2013-04-23 16:48:13'),
	(22, '', '2013-04-23 16:48:24'),
	(22, '', '2013-04-23 16:48:25'),
	(22, '', '2013-04-23 16:48:26'),
	(22, '', '2013-04-23 16:48:27'),
	(22, '', '2013-04-23 16:48:28'),
	(22, '', '2013-04-23 16:48:29'),
	(22, '', '2013-04-23 16:48:30'),
	(22, '', '2013-04-23 16:48:31'),
	(22, '', '2013-04-23 16:48:32'),
	(22, '', '2013-04-23 16:48:33'),
	(22, '', '2013-04-23 16:48:34'),
	(22, '', '2013-04-23 16:48:36'),
	(22, '', '2013-04-23 16:48:38'),
	(22, '', '2013-04-23 16:48:40'),
	(22, '', '2013-04-23 16:48:43'),
	(22, '', '2013-04-23 16:48:45'),
	(21, '', '2013-04-23 16:48:46'),
	(22, '', '2013-04-23 16:48:47'),
	(22, '', '2013-04-23 16:48:49'),
	(22, '', '2013-04-23 16:48:51'),
	(22, '', '2013-04-23 16:48:53'),
	(22, '', '2013-04-23 16:48:57'),
	(22, '', '2013-04-23 16:49:01'),
	(22, '', '2013-04-23 16:49:05'),
	(22, '', '2013-04-23 16:49:09'),
	(22, '', '2013-04-23 16:49:13'),
	(22, '', '2013-04-23 16:49:17'),
	(21, '', '2013-04-23 16:49:19'),
	(22, '', '2013-04-23 16:49:21'),
	(22, '', '2013-04-23 16:49:25'),
	(22, '', '2013-04-23 16:49:29'),
	(22, '', '2013-04-23 16:49:37'),
	(22, '', '2013-04-23 16:49:46'),
	(21, '', '2013-04-23 16:49:52'),
	(22, '', '2013-04-23 16:49:54'),
	(22, '', '2013-04-23 16:50:02'),
	(22, '', '2013-04-23 16:50:10'),
	(22, '', '2013-04-23 16:50:18'),
	(21, '', '2013-04-23 16:50:20'),
	(21, '', '2013-04-23 16:50:21'),
	(21, '', '2013-04-23 16:50:22'),
	(21, '', '2013-04-23 16:50:23'),
	(21, '', '2013-04-23 16:50:24'),
	(21, '', '2013-04-23 16:50:25'),
	(22, '', '2013-04-23 16:50:26'),
	(21, '', '2013-04-23 16:50:26'),
	(21, '', '2013-04-23 16:50:28'),
	(21, '', '2013-04-23 16:50:28'),
	(21, '', '2013-04-23 16:50:30'),
	(21, '', '2013-04-23 16:50:31'),
	(21, '', '2013-04-23 16:50:32'),
	(21, '', '2013-04-23 16:50:33'),
	(21, '', '2013-04-23 16:50:34'),
	(22, '', '2013-04-23 16:50:34'),
	(21, '', '2013-04-23 16:50:35'),
	(21, '', '2013-04-23 16:50:36'),
	(21, '', '2013-04-23 16:50:37'),
	(21, '', '2013-04-23 16:50:38'),
	(21, '', '2013-04-23 16:50:39'),
	(21, '', '2013-04-23 16:50:40'),
	(21, '', '2013-04-23 16:50:41'),
	(22, '', '2013-04-23 16:50:42'),
	(21, '', '2013-04-23 16:50:43'),
	(21, '', '2013-04-23 16:50:44'),
	(21, '', '2013-04-23 16:50:45'),
	(21, '', '2013-04-23 16:50:46'),
	(21, '', '2013-04-23 16:50:48'),
	(21, '', '2013-04-23 16:50:50'),
	(21, '', '2013-04-23 16:50:52'),
	(21, '', '2013-04-23 16:50:54'),
	(21, '', '2013-04-23 16:50:56'),
	(22, '', '2013-04-23 16:50:58'),
	(21, '', '2013-04-23 16:50:58'),
	(21, '', '2013-04-23 16:51:00'),
	(21, '', '2013-04-23 16:51:02'),
	(21, '', '2013-04-23 16:51:04'),
	(21, '', '2013-04-23 16:51:08'),
	(21, '', '2013-04-23 16:51:12'),
	(22, '', '2013-04-23 16:51:14'),
	(21, '', '2013-04-23 16:51:17'),
	(21, '', '2013-04-23 16:51:21'),
	(21, '', '2013-04-23 16:51:25'),
	(21, '', '2013-04-23 16:51:29'),
	(22, '', '2013-04-23 16:51:30'),
	(21, '', '2013-04-23 16:51:33'),
	(21, '', '2013-04-23 16:51:37'),
	(21, '', '2013-04-23 16:51:41'),
	(22, '', '2013-04-23 16:51:46'),
	(21, '', '2013-04-23 16:51:49'),
	(21, '', '2013-04-23 16:51:57'),
	(22, '', '2013-04-23 16:52:02'),
	(21, '', '2013-04-23 16:52:05'),
	(21, '', '2013-04-23 16:52:13'),
	(21, '', '2013-04-23 16:52:21'),
	(21, '', '2013-04-23 16:52:29'),
	(21, '', '2013-04-23 16:52:37'),
	(21, '', '2013-04-23 16:52:45'),
	(21, '', '2013-04-23 16:52:53'),
	(21, '', '2013-04-23 16:53:09'),
	(21, '', '2013-04-23 16:53:26'),
	(21, '', '2013-04-23 16:53:42'),
	(21, '', '2013-04-23 16:53:58'),
	(21, '', '2013-04-23 16:54:14'),
	(21, '', '2013-04-23 16:54:30'),
	(21, '', '2013-04-23 16:54:46'),
	(21, '', '2013-04-23 16:55:02'),
	(21, '', '2013-04-23 16:55:18'),
	(21, '', '2013-04-23 16:55:50'),
	(21, '', '2013-04-23 16:56:22'),
	(21, '', '2013-04-23 16:56:54'),
	(21, '', '2013-04-23 16:57:26'),
	(21, '', '2013-04-23 16:57:58'),
	(21, '', '2013-04-23 16:58:30'),
	(21, '', '2013-04-23 16:59:03'),
	(21, '', '2013-04-23 16:59:35'),
	(21, '', '2013-04-23 17:00:07'),
	(21, '', '2013-04-23 17:00:40'),
	(21, '', '2013-04-23 17:01:13'),
	(21, '', '2013-04-23 17:01:46'),
	(21, '', '2013-04-23 17:02:19'),
	(21, '', '2013-04-23 17:02:52'),
	(21, '', '2013-04-23 17:03:25'),
	(21, '', '2013-04-23 17:03:58'),
	(21, '', '2013-04-23 17:04:31'),
	(21, '', '2013-04-23 17:05:06'),
	(21, '', '2013-04-23 17:05:39'),
	(21, '', '2013-04-23 17:06:12'),
	(21, '', '2013-04-23 17:06:45'),
	(21, '', '2013-04-23 17:07:19'),
	(21, '', '2013-04-23 17:07:52'),
	(21, '', '2013-04-23 17:08:25'),
	(21, '', '2013-04-23 17:08:58'),
	(21, '', '2013-04-23 17:09:31'),
	(21, '', '2013-04-23 17:10:04'),
	(21, '', '2013-04-23 17:10:37'),
	(21, '', '2013-04-23 17:11:11'),
	(21, '', '2013-04-23 17:11:44'),
	(21, '', '2013-04-23 17:12:17'),
	(21, '', '2013-04-23 17:12:50'),
	(21, '', '2013-04-23 17:13:23'),
	(21, '', '2013-04-23 17:13:56'),
	(21, '', '2013-04-23 17:14:29'),
	(21, '', '2013-04-23 17:15:02'),
	(21, '', '2013-04-23 17:15:35'),
	(21, '', '2013-04-23 17:16:08'),
	(21, '', '2013-04-23 17:16:41'),
	(21, '', '2013-04-23 17:17:14'),
	(21, '', '2013-04-23 17:17:47'),
	(21, '', '2013-04-23 17:18:20'),
	(21, '', '2013-04-23 17:18:54'),
	(21, '', '2013-04-23 17:19:27'),
	(21, '', '2013-04-23 17:20:00'),
	(21, '', '2013-04-23 17:20:33'),
	(21, '', '2013-04-23 17:21:06'),
	(21, '', '2013-04-23 17:21:39'),
	(21, '', '2013-04-23 17:22:12'),
	(21, '', '2013-04-23 17:22:45'),
	(21, '', '2013-04-23 17:23:21'),
	(21, '', '2013-04-23 17:23:54'),
	(21, '', '2013-04-23 17:24:27'),
	(21, '', '2013-04-23 17:25:00'),
	(21, '', '2013-04-23 17:25:34'),
	(21, '', '2013-04-23 17:26:07'),
	(21, '', '2013-04-23 17:26:40'),
	(21, '', '2013-04-23 17:27:13'),
	(21, '', '2013-04-23 17:27:46'),
	(21, '', '2013-04-23 17:28:19'),
	(21, '', '2013-04-23 17:28:52'),
	(21, '', '2013-04-23 17:29:25'),
	(21, '', '2013-04-23 17:29:58'),
	(21, '', '2013-04-23 17:30:32'),
	(21, '', '2013-04-23 17:31:05'),
	(21, '', '2013-04-23 17:31:38'),
	(21, '', '2013-04-23 17:32:11'),
	(21, '', '2013-04-23 17:32:44'),
	(21, '', '2013-04-23 17:33:17'),
	(21, '', '2013-04-23 17:33:50'),
	(21, '', '2013-04-23 17:34:23'),
	(21, '', '2013-04-23 17:34:56'),
	(21, '', '2013-04-23 17:35:29'),
	(21, '', '2013-04-23 17:36:02'),
	(21, '', '2013-04-23 17:36:36'),
	(21, '', '2013-04-23 17:37:09'),
	(21, '', '2013-04-23 17:37:42'),
	(21, '', '2013-04-23 17:38:15'),
	(21, '', '2013-04-23 17:38:48'),
	(21, '', '2013-04-23 17:39:21'),
	(21, '', '2013-04-23 20:42:33'),
	(21, '', '2013-04-23 20:42:34'),
	(21, '', '2013-04-23 20:42:35'),
	(21, '', '2013-04-23 20:42:37'),
	(21, '', '2013-04-23 20:42:38'),
	(21, '', '2013-04-23 20:42:39'),
	(21, '', '2013-04-23 20:42:43'),
	(21, '', '2013-04-23 20:42:44'),
	(21, '', '2013-04-23 20:42:45'),
	(21, '', '2013-04-23 20:42:46'),
	(21, '', '2013-04-23 20:42:47'),
	(21, '', '2013-04-23 20:42:48'),
	(21, '', '2013-04-23 20:42:50'),
	(21, '', '2013-04-23 20:42:51'),
	(21, '', '2013-04-23 20:42:52'),
	(21, '', '2013-04-23 20:42:53'),
	(21, '', '2013-04-23 20:42:54'),
	(21, '', '2013-04-23 20:42:56'),
	(21, '', '2013-04-23 20:42:58'),
	(21, '', '2013-04-23 20:43:00'),
	(21, '', '2013-04-23 20:43:02'),
	(21, '', '2013-04-23 20:43:04'),
	(21, '', '2013-04-23 20:43:06'),
	(21, '', '2013-04-23 20:43:09'),
	(21, '', '2013-04-23 20:43:11'),
	(21, '', '2013-04-23 20:43:13'),
	(21, '', '2013-04-23 20:43:17'),
	(21, '', '2013-04-23 20:43:21'),
	(21, '', '2013-04-23 20:43:25'),
	(21, '', '2013-04-23 20:43:29'),
	(21, '', '2013-04-23 20:43:33'),
	(21, '', '2013-04-23 20:43:37'),
	(21, '', '2013-04-23 20:43:41'),
	(21, '', '2013-04-23 20:43:45'),
	(21, '', '2013-04-23 20:43:50'),
	(21, '', '2013-04-23 20:43:58'),
	(21, '', '2013-04-23 20:44:06'),
	(21, '', '2013-04-23 20:44:14'),
	(21, '', '2013-04-23 20:44:22'),
	(21, '', '2013-04-23 20:44:30'),
	(21, '', '2013-04-23 20:44:38'),
	(21, '', '2013-04-23 20:44:46'),
	(21, '', '2013-04-23 20:44:54'),
	(21, '', '2013-04-23 20:45:03'),
	(21, '', '2013-04-23 20:45:19'),
	(21, '', '2013-04-23 20:45:35'),
	(21, '', '2013-04-23 20:45:51'),
	(21, '', '2013-04-23 20:46:07'),
	(21, '', '2013-04-23 20:46:23'),
	(21, '', '2013-04-23 20:46:40'),
	(21, '', '2013-04-23 20:46:56'),
	(21, '', '2013-04-23 20:47:12'),
	(21, '', '2013-04-23 20:47:28'),
	(21, '', '2013-04-23 20:48:00'),
	(21, '', '2013-04-23 20:48:32'),
	(21, '', '2013-04-23 20:49:04'),
	(21, '', '2013-04-23 20:49:36'),
	(21, '', '2013-04-23 20:50:08'),
	(21, '', '2013-04-23 20:50:40'),
	(21, '', '2013-04-23 20:51:13'),
	(21, '', '2013-04-23 20:51:45'),
	(21, '', '2013-04-23 20:52:17'),
	(21, '', '2013-04-23 20:52:50'),
	(21, '', '2013-04-23 20:53:23'),
	(21, '', '2013-04-23 20:53:56'),
	(21, '', '2013-04-23 20:54:29'),
	(21, '', '2013-04-23 20:55:02'),
	(21, '', '2013-04-23 20:55:35'),
	(21, '', '2013-04-23 20:56:08'),
	(21, '', '2013-04-23 20:56:42'),
	(21, '', '2013-04-23 20:57:15'),
	(21, '', '2013-04-23 20:57:48'),
	(21, '', '2013-04-23 20:58:21'),
	(21, '', '2013-04-23 20:58:54'),
	(21, '', '2013-04-23 20:59:27'),
	(21, '', '2013-04-23 21:00:01'),
	(21, '', '2013-04-23 21:00:34'),
	(21, '', '2013-04-23 21:01:07'),
	(21, '', '2013-04-23 21:01:40'),
	(21, '', '2013-04-23 21:02:13'),
	(21, '', '2013-04-23 21:02:47'),
	(21, '', '2013-04-23 21:02:50'),
	(21, '', '2013-04-23 21:02:51'),
	(21, '', '2013-04-23 21:02:52'),
	(21, '', '2013-04-23 21:02:53'),
	(21, '', '2013-04-23 21:02:54'),
	(21, '', '2013-04-23 21:02:55'),
	(21, '', '2013-04-23 21:02:56'),
	(21, '', '2013-04-23 21:02:57'),
	(21, '', '2013-04-23 21:02:58'),
	(21, '', '2013-04-23 21:03:00'),
	(21, '', '2013-04-23 21:03:01'),
	(21, '', '2013-04-23 21:03:03'),
	(21, '', '2013-04-23 21:03:05'),
	(21, '', '2013-04-23 21:03:07'),
	(21, '', '2013-04-23 21:03:09'),
	(21, '', '2013-04-23 21:03:11'),
	(21, '', '2013-04-23 21:03:13'),
	(21, '', '2013-04-23 21:03:15'),
	(21, '', '2013-04-23 21:03:17'),
	(21, '', '2013-04-23 21:03:19'),
	(21, '', '2013-04-23 21:03:23'),
	(21, '', '2013-04-23 21:03:27'),
	(21, '', '2013-04-23 21:03:31'),
	(21, '', '2013-04-23 21:03:36'),
	(21, '', '2013-04-23 21:03:40'),
	(21, '', '2013-04-23 21:03:44'),
	(21, '', '2013-04-23 21:03:48'),
	(21, '', '2013-04-23 21:03:52'),
	(21, '', '2013-04-23 21:03:56'),
	(21, '', '2013-04-23 21:04:04'),
	(21, '', '2013-04-23 21:04:12'),
	(21, '', '2013-04-23 21:04:21'),
	(21, '', '2013-04-23 21:04:29'),
	(21, '', '2013-04-23 21:04:37'),
	(21, '', '2013-04-23 21:04:45'),
	(21, '', '2013-04-23 21:04:53'),
	(21, '', '2013-04-23 21:05:01'),
	(21, '', '2013-04-23 21:05:09'),
	(21, '', '2013-04-23 21:05:25'),
	(21, '', '2013-04-23 21:05:41'),
	(21, '', '2013-04-23 21:05:57'),
	(21, '', '2013-04-23 21:06:14'),
	(21, '', '2013-04-23 21:06:30'),
	(21, '', '2013-04-23 21:06:46'),
	(21, '', '2013-04-23 21:07:02'),
	(21, '', '2013-04-23 21:07:18'),
	(21, '', '2013-04-23 21:07:34'),
	(21, '', '2013-04-23 21:08:06'),
	(21, '', '2013-04-23 21:08:38'),
	(21, '', '2013-04-23 21:09:10'),
	(21, '', '2013-04-23 21:09:42'),
	(21, '', '2013-04-23 21:10:14'),
	(21, '', '2013-04-23 21:10:21'),
	(21, '', '2013-04-23 21:10:22'),
	(21, '', '2013-04-23 21:10:23'),
	(21, '', '2013-04-23 21:10:24'),
	(21, '', '2013-04-23 21:10:25'),
	(21, '', '2013-04-23 21:10:26'),
	(21, '', '2013-04-23 21:10:27'),
	(21, '', '2013-04-23 21:10:28'),
	(21, '', '2013-04-23 21:10:29'),
	(21, '', '2013-04-23 21:10:31'),
	(21, '', '2013-04-23 21:10:32'),
	(21, '', '2013-04-23 21:10:34'),
	(21, '', '2013-04-23 21:10:36'),
	(21, '', '2013-04-23 21:10:38'),
	(21, '', '2013-04-23 21:10:40'),
	(21, '', '2013-04-23 21:10:42'),
	(21, '', '2013-04-23 21:10:44'),
	(21, '', '2013-04-23 21:10:46'),
	(21, '', '2013-04-23 21:10:48'),
	(21, '', '2013-04-23 21:10:50'),
	(21, '', '2013-04-23 21:10:54'),
	(21, '', '2013-04-23 21:10:57'),
	(21, '', '2013-04-23 21:10:58'),
	(21, '', '2013-04-23 21:10:59'),
	(21, '', '2013-04-23 21:11:00'),
	(21, '', '2013-04-23 21:11:01'),
	(21, '', '2013-04-23 21:11:02'),
	(21, '', '2013-04-23 21:11:03'),
	(21, '', '2013-04-23 21:11:04'),
	(21, '', '2013-04-23 21:11:05'),
	(21, '', '2013-04-23 21:11:06'),
	(21, '', '2013-04-23 21:11:08'),
	(21, '', '2013-04-23 21:11:10'),
	(21, '', '2013-04-23 21:11:12'),
	(21, '', '2013-04-23 21:11:14'),
	(21, '', '2013-04-23 21:11:16'),
	(21, '', '2013-04-23 21:11:18'),
	(21, '', '2013-04-23 21:11:20'),
	(21, '', '2013-04-23 21:11:22'),
	(21, '', '2013-04-23 21:11:24'),
	(21, '', '2013-04-23 21:11:26'),
	(21, '', '2013-04-23 21:11:30'),
	(21, '', '2013-04-23 21:11:34'),
	(21, '', '2013-04-23 21:11:38'),
	(21, '', '2013-04-23 21:11:42'),
	(21, '', '2013-04-23 21:11:47'),
	(21, '', '2013-04-23 21:11:51'),
	(21, '', '2013-04-23 21:11:55'),
	(21, '', '2013-04-23 21:11:59'),
	(21, '', '2013-04-23 21:12:03'),
	(21, '', '2013-04-23 21:12:11'),
	(21, '', '2013-04-23 21:12:19'),
	(21, '', '2013-04-23 21:12:27'),
	(21, '', '2013-04-23 21:12:35'),
	(21, '', '2013-04-23 21:12:43'),
	(21, '', '2013-04-23 21:12:52'),
	(21, '', '2013-04-23 21:13:00'),
	(21, '', '2013-04-23 21:13:08'),
	(21, '', '2013-04-23 21:13:16'),
	(21, '', '2013-04-23 21:13:31'),
	(21, '', '2013-04-23 21:13:32'),
	(21, '', '2013-04-23 21:13:33'),
	(21, '', '2013-04-23 21:13:34'),
	(21, '', '2013-04-23 21:13:36'),
	(21, '', '2013-04-23 21:13:37'),
	(21, '', '2013-04-23 21:13:38'),
	(21, '', '2013-04-23 21:13:39'),
	(21, '', '2013-04-23 21:13:40'),
	(21, '', '2013-04-23 21:13:41'),
	(21, '', '2013-04-23 21:13:42'),
	(21, '', '2013-04-23 21:13:44'),
	(21, '', '2013-04-23 21:13:46'),
	(21, '', '2013-04-23 21:13:48'),
	(21, '', '2013-04-23 21:13:50'),
	(21, '', '2013-04-23 21:13:51'),
	(21, '', '2013-04-23 21:13:52'),
	(21, '', '2013-04-23 21:13:54'),
	(21, '', '2013-04-23 21:13:55'),
	(21, '', '2013-04-23 21:13:56'),
	(21, '', '2013-04-23 21:13:57'),
	(21, '', '2013-04-23 21:13:58'),
	(21, '', '2013-04-23 21:13:59'),
	(21, '', '2013-04-23 21:14:00'),
	(21, '', '2013-04-23 21:14:01'),
	(21, '', '2013-04-23 21:14:03'),
	(21, '', '2013-04-23 21:14:05'),
	(21, '', '2013-04-23 21:14:07'),
	(21, '', '2013-04-23 21:14:08'),
	(21, '', '2013-04-23 21:14:09'),
	(21, '', '2013-04-23 21:14:10'),
	(21, '', '2013-04-23 21:14:11'),
	(21, '', '2013-04-23 21:14:12'),
	(21, '', '2013-04-23 21:14:13'),
	(21, '', '2013-04-23 21:14:15'),
	(21, '', '2013-04-23 21:14:16'),
	(21, '', '2013-04-23 21:14:17'),
	(21, '', '2013-04-23 21:14:18'),
	(21, '', '2013-04-23 21:14:20'),
	(21, '', '2013-04-23 21:14:22'),
	(21, '', '2013-04-23 21:14:24'),
	(21, '', '2013-04-23 21:14:26'),
	(21, '', '2013-04-23 21:14:28'),
	(21, '', '2013-04-23 21:14:30'),
	(21, '', '2013-04-23 21:14:32'),
	(21, '', '2013-04-23 21:14:34'),
	(21, '', '2013-04-23 21:14:36'),
	(21, '', '2013-04-23 21:14:41'),
	(21, '', '2013-04-23 21:14:46'),
	(21, '', '2013-04-23 21:14:47'),
	(21, '', '2013-04-23 21:14:48'),
	(21, '', '2013-04-23 21:14:49'),
	(21, '', '2013-04-23 21:14:50'),
	(21, '', '2013-04-23 21:14:51'),
	(21, '', '2013-04-23 21:14:52'),
	(21, '', '2013-04-23 21:14:54'),
	(21, '', '2013-04-23 21:14:55'),
	(21, '', '2013-04-23 21:14:56'),
	(21, '', '2013-04-23 21:14:57'),
	(21, '', '2013-04-23 21:14:59'),
	(21, '', '2013-04-23 21:15:01'),
	(21, '', '2013-04-23 21:15:03'),
	(21, '', '2013-04-23 21:15:05'),
	(21, '', '2013-04-23 21:15:07'),
	(21, '', '2013-04-23 21:15:09'),
	(21, '', '2013-04-23 21:15:11'),
	(21, '', '2013-04-23 21:15:13'),
	(21, '', '2013-04-23 21:15:15'),
	(21, '', '2013-04-23 21:15:19'),
	(21, '', '2013-04-23 21:15:23'),
	(21, '', '2013-04-23 21:15:28'),
	(21, '', '2013-04-23 21:15:32'),
	(21, '', '2013-04-23 21:15:36'),
	(21, '', '2013-04-23 21:15:40'),
	(21, '', '2013-04-23 21:15:44'),
	(21, '', '2013-04-23 21:15:48'),
	(21, '', '2013-04-23 21:15:52'),
	(21, '', '2013-04-23 21:16:00'),
	(21, '', '2013-04-23 21:16:08'),
	(21, '', '2013-04-23 21:16:16'),
	(21, '', '2013-04-23 21:16:24'),
	(21, '', '2013-04-23 21:16:32'),
	(21, '', '2013-04-23 21:16:37'),
	(21, '', '2013-04-23 21:16:38'),
	(21, '', '2013-04-23 21:16:39'),
	(21, '', '2013-04-23 21:16:40'),
	(21, '', '2013-04-23 21:16:41'),
	(21, '', '2013-04-23 21:16:42'),
	(21, '', '2013-04-23 21:16:43'),
	(21, '', '2013-04-23 21:16:44'),
	(21, '', '2013-04-23 21:16:45'),
	(21, '', '2013-04-23 21:16:46'),
	(21, '', '2013-04-23 21:16:48'),
	(21, '', '2013-04-23 21:16:50'),
	(21, '', '2013-04-23 21:16:52'),
	(21, '', '2013-04-23 21:16:54'),
	(21, '', '2013-04-23 21:16:56'),
	(21, '', '2013-04-23 21:16:57'),
	(21, '', '2013-04-23 21:16:58'),
	(21, '', '2013-04-23 21:16:58'),
	(21, '', '2013-04-23 21:16:59'),
	(21, '', '2013-04-23 21:17:00'),
	(21, '', '2013-04-23 21:17:00'),
	(21, '', '2013-04-23 21:17:02'),
	(21, '', '2013-04-23 21:17:04'),
	(21, '', '2013-04-23 21:17:06'),
	(21, '', '2013-04-23 21:17:10'),
	(21, '', '2013-04-23 21:17:14'),
	(21, '', '2013-04-23 21:17:18'),
	(21, '', '2013-04-23 21:17:23'),
	(21, '', '2013-04-23 21:17:27'),
	(21, '', '2013-04-23 21:17:31'),
	(21, '', '2013-04-23 21:17:35'),
	(21, '', '2013-04-23 21:17:39'),
	(21, '', '2013-04-23 21:17:43'),
	(21, '', '2013-04-23 21:17:51'),
	(21, '', '2013-04-23 21:17:59'),
	(21, '', '2013-04-23 21:18:07'),
	(21, '', '2013-04-23 21:18:11'),
	(21, '', '2013-04-23 21:18:12'),
	(21, '', '2013-04-23 21:18:13'),
	(21, '', '2013-04-23 21:18:15'),
	(21, '', '2013-04-23 21:18:16'),
	(21, '', '2013-04-23 21:18:17'),
	(21, '', '2013-04-23 21:18:18'),
	(21, '', '2013-04-23 21:18:19'),
	(21, '', '2013-04-23 21:18:20'),
	(21, '', '2013-04-23 21:18:21'),
	(21, '', '2013-04-23 21:18:22'),
	(21, '', '2013-04-23 21:18:24'),
	(21, '', '2013-04-23 21:18:26'),
	(21, '', '2013-04-23 21:18:28'),
	(21, '', '2013-04-23 21:18:30'),
	(21, '', '2013-04-23 21:18:32'),
	(21, '', '2013-04-23 21:18:35'),
	(21, '', '2013-04-23 21:18:36'),
	(21, '', '2013-04-23 21:18:37'),
	(21, '', '2013-04-23 21:18:38'),
	(21, '', '2013-04-23 21:18:39'),
	(21, '', '2013-04-23 21:18:40'),
	(21, '', '2013-04-23 21:18:41'),
	(21, '', '2013-04-23 21:18:42'),
	(21, '', '2013-04-23 21:18:43'),
	(21, '', '2013-04-23 21:18:44'),
	(21, '', '2013-04-23 21:18:45'),
	(21, '', '2013-04-23 21:18:47'),
	(21, '', '2013-04-23 21:18:49'),
	(21, '', '2013-04-23 21:18:51'),
	(21, '', '2013-04-23 21:18:54'),
	(21, '', '2013-04-23 21:18:56'),
	(21, '', '2013-04-23 21:18:58'),
	(21, '', '2013-04-23 21:19:00'),
	(21, '', '2013-04-23 21:19:02'),
	(21, '', '2013-04-23 21:19:04'),
	(21, '', '2013-04-23 21:19:08'),
	(21, '', '2013-04-23 21:19:12'),
	(21, '', '2013-04-23 21:19:16'),
	(21, '', '2013-04-23 21:19:20'),
	(21, '', '2013-04-23 21:19:24'),
	(21, '', '2013-04-23 21:19:28'),
	(21, '', '2013-04-23 21:19:32'),
	(21, '', '2013-04-23 21:19:36'),
	(21, '', '2013-04-23 21:19:40'),
	(21, '', '2013-04-23 21:19:48'),
	(21, '', '2013-04-23 21:19:57'),
	(21, '', '2013-04-23 21:20:05'),
	(21, '', '2013-04-23 21:20:13'),
	(21, '', '2013-04-23 21:20:21'),
	(21, '', '2013-04-23 21:20:29'),
	(21, '', '2013-04-23 21:20:37'),
	(21, '', '2013-04-23 21:20:45'),
	(21, '', '2013-04-23 21:20:53'),
	(21, '', '2013-04-23 21:21:09'),
	(21, '', '2013-04-23 21:21:25'),
	(21, '', '2013-04-23 21:21:41'),
	(21, '', '2013-04-23 21:21:58'),
	(21, '', '2013-04-23 21:22:14'),
	(21, '', '2013-04-23 21:22:30'),
	(21, '', '2013-04-23 21:22:46'),
	(21, '', '2013-04-23 21:23:02'),
	(21, '', '2013-04-23 21:23:18'),
	(21, '', '2013-04-23 21:23:50'),
	(21, '', '2013-04-23 21:24:22'),
	(21, '', '2013-04-23 21:24:54'),
	(21, '', '2013-04-23 21:25:26'),
	(21, '', '2013-04-23 21:25:58'),
	(21, '', '2013-04-23 21:26:30'),
	(21, '', '2013-04-23 21:27:02'),
	(21, '', '2013-04-23 21:27:06'),
	(21, '', '2013-04-23 21:27:08'),
	(21, '', '2013-04-23 21:27:09'),
	(21, '', '2013-04-23 21:27:10'),
	(21, '', '2013-04-23 21:27:11'),
	(21, '', '2013-04-23 21:27:12'),
	(21, '', '2013-04-23 21:27:13'),
	(21, '', '2013-04-23 21:27:14'),
	(21, '', '2013-04-23 21:27:15'),
	(21, '', '2013-04-23 21:27:16'),
	(21, '', '2013-04-23 21:27:17'),
	(21, '', '2013-04-23 21:27:19'),
	(21, '', '2013-04-23 21:27:21'),
	(21, '', '2013-04-23 21:27:24'),
	(21, '', '2013-04-23 21:27:26'),
	(21, '', '2013-04-23 21:27:28'),
	(21, '', '2013-04-23 21:27:30'),
	(21, '', '2013-04-23 21:27:32'),
	(21, '', '2013-04-23 21:27:34'),
	(21, '', '2013-04-23 21:27:36'),
	(21, '', '2013-04-23 21:27:40'),
	(21, '', '2013-04-23 21:27:44'),
	(21, '', '2013-04-23 21:27:48'),
	(21, '', '2013-04-23 21:27:52'),
	(21, '', '2013-04-23 21:27:56'),
	(21, '', '2013-04-23 21:28:01'),
	(21, '', '2013-04-23 21:28:05'),
	(21, '', '2013-04-23 21:28:09'),
	(21, '', '2013-04-23 21:28:13'),
	(21, '', '2013-04-23 21:28:21'),
	(21, '', '2013-04-23 21:28:29'),
	(21, '', '2013-04-23 21:28:32'),
	(21, '', '2013-04-23 21:28:33'),
	(21, '', '2013-04-23 21:28:34'),
	(21, '', '2013-04-23 21:28:35'),
	(21, '', '2013-04-23 21:28:36'),
	(21, '', '2013-04-23 21:28:37'),
	(21, '', '2013-04-23 21:28:38'),
	(21, '', '2013-04-23 21:28:39'),
	(21, '', '2013-04-23 21:28:40'),
	(21, '', '2013-04-23 21:28:41'),
	(21, '', '2013-04-23 21:28:42'),
	(21, '', '2013-04-23 21:28:44'),
	(21, '', '2013-04-23 21:28:47'),
	(21, '', '2013-04-23 21:28:49'),
	(21, '', '2013-04-23 21:28:51'),
	(21, '', '2013-04-23 21:28:53'),
	(21, '', '2013-04-23 21:28:55'),
	(21, '', '2013-04-23 21:28:57'),
	(21, '', '2013-04-23 21:28:59'),
	(21, '', '2013-04-23 21:29:01'),
	(21, '', '2013-04-23 21:29:03'),
	(21, '', '2013-04-23 21:29:04'),
	(21, '', '2013-04-23 21:29:05'),
	(21, '', '2013-04-23 21:29:06'),
	(21, '', '2013-04-23 21:29:07'),
	(21, '', '2013-04-23 21:29:08'),
	(21, '', '2013-04-23 21:29:10'),
	(21, '', '2013-04-23 21:29:11'),
	(21, '', '2013-04-23 21:29:12'),
	(21, '', '2013-04-23 21:29:13'),
	(21, '', '2013-04-23 21:29:14'),
	(21, '', '2013-04-23 21:29:16'),
	(21, '', '2013-04-23 21:29:18'),
	(21, '', '2013-04-23 21:29:20'),
	(21, '', '2013-04-23 21:29:22'),
	(21, '', '2013-04-23 21:29:24'),
	(21, '', '2013-04-23 21:29:26'),
	(21, '', '2013-04-23 21:29:28'),
	(21, '', '2013-04-23 21:29:30'),
	(21, '', '2013-04-23 21:29:32'),
	(21, '', '2013-04-23 21:29:36'),
	(21, '', '2013-04-23 21:29:40'),
	(21, '', '2013-04-23 21:29:45'),
	(21, '', '2013-04-23 21:29:49'),
	(21, '', '2013-04-23 21:29:53'),
	(21, '', '2013-04-23 21:29:57'),
	(21, '', '2013-04-23 21:30:01'),
	(21, '', '2013-04-23 21:30:05'),
	(21, '', '2013-04-23 21:30:09'),
	(21, '', '2013-04-23 21:30:17'),
	(21, '', '2013-04-23 21:30:25'),
	(21, '', '2013-04-23 21:30:33'),
	(21, '', '2013-04-23 21:30:41'),
	(21, '', '2013-04-23 21:30:49'),
	(21, '', '2013-04-23 21:30:58'),
	(21, '', '2013-04-23 21:31:04'),
	(21, '', '2013-04-23 21:31:05'),
	(21, '', '2013-04-23 21:31:06'),
	(21, '', '2013-04-23 21:31:07'),
	(21, '', '2013-04-23 21:31:08'),
	(21, '', '2013-04-23 21:31:09'),
	(21, '', '2013-04-23 21:31:11'),
	(21, '', '2013-04-23 21:31:12'),
	(21, '', '2013-04-23 21:31:13'),
	(21, '', '2013-04-23 21:31:14'),
	(21, '', '2013-04-23 21:31:15'),
	(21, '', '2013-04-23 21:31:16'),
	(21, '', '2013-04-23 21:31:17'),
	(21, '', '2013-04-23 21:31:18'),
	(21, '', '2013-04-23 21:31:19'),
	(21, '', '2013-04-23 21:31:21'),
	(21, '', '2013-04-23 21:31:23'),
	(21, '', '2013-04-23 21:31:25'),
	(21, '', '2013-04-23 21:31:28'),
	(21, '', '2013-04-23 21:31:30'),
	(21, '', '2013-04-23 21:31:32'),
	(21, '', '2013-04-23 21:31:34'),
	(21, '', '2013-04-23 21:31:36'),
	(21, '', '2013-04-23 21:31:38'),
	(21, '', '2013-04-23 21:31:42'),
	(21, '', '2013-04-23 21:31:46'),
	(21, '', '2013-04-23 21:31:50'),
	(21, '', '2013-04-23 21:31:54'),
	(21, '', '2013-04-23 21:31:58'),
	(21, '', '2013-04-23 21:32:02'),
	(21, '', '2013-04-23 21:32:06'),
	(21, '', '2013-04-23 21:32:10'),
	(22, '', '2013-04-23 21:32:12'),
	(22, '', '2013-04-23 21:32:13'),
	(22, '', '2013-04-23 21:32:14'),
	(21, '', '2013-04-23 21:32:15'),
	(22, '', '2013-04-23 21:32:15'),
	(22, '', '2013-04-23 21:32:16'),
	(22, '', '2013-04-23 21:32:17'),
	(22, '', '2013-04-23 21:32:18'),
	(22, '', '2013-04-23 21:32:19'),
	(22, '', '2013-04-23 21:32:20'),
	(22, '', '2013-04-23 21:32:21'),
	(22, '', '2013-04-23 21:32:22'),
	(21, '', '2013-04-23 21:32:23'),
	(22, '', '2013-04-23 21:32:23'),
	(22, '', '2013-04-23 21:32:24'),
	(22, '', '2013-04-23 21:32:25'),
	(22, '', '2013-04-23 21:32:26'),
	(22, '', '2013-04-23 21:32:27'),
	(22, '', '2013-04-23 21:32:28'),
	(22, '', '2013-04-23 21:32:29'),
	(22, '', '2013-04-23 21:32:31'),
	(21, '', '2013-04-23 21:32:31'),
	(22, '', '2013-04-23 21:32:32'),
	(22, '', '2013-04-23 21:32:34'),
	(22, '', '2013-04-23 21:32:36'),
	(22, '', '2013-04-23 21:32:38'),
	(21, '', '2013-04-23 21:32:39'),
	(22, '', '2013-04-23 21:32:40'),
	(22, '', '2013-04-23 21:32:42'),
	(22, '', '2013-04-23 21:32:44'),
	(22, '', '2013-04-23 21:32:46'),
	(21, '', '2013-04-23 21:32:47'),
	(22, '', '2013-04-23 21:32:48'),
	(22, '', '2013-04-23 21:32:50'),
	(22, '', '2013-04-23 21:32:54'),
	(21, '', '2013-04-23 21:32:55'),
	(22, '', '2013-04-23 21:32:58'),
	(22, '', '2013-04-23 21:33:02'),
	(21, '', '2013-04-23 21:33:03'),
	(22, '', '2013-04-23 21:33:06'),
	(22, '', '2013-04-23 21:33:11'),
	(21, '', '2013-04-23 21:33:11'),
	(22, '', '2013-04-23 21:33:15'),
	(22, '', '2013-04-23 21:33:19'),
	(21, '', '2013-04-23 21:33:19'),
	(22, '', '2013-04-23 21:33:23'),
	(22, '', '2013-04-23 21:33:27'),
	(21, '', '2013-04-23 21:33:27'),
	(22, '', '2013-04-23 21:33:35'),
	(22, '', '2013-04-23 21:33:43'),
	(21, '', '2013-04-23 21:33:43'),
	(22, '', '2013-04-23 21:33:51'),
	(22, '', '2013-04-23 21:33:59'),
	(21, '', '2013-04-23 21:33:59'),
	(22, '', '2013-04-23 21:34:07'),
	(22, '', '2013-04-23 21:34:15'),
	(21, '', '2013-04-23 21:34:16'),
	(22, '', '2013-04-23 21:34:23'),
	(22, '', '2013-04-23 21:34:31'),
	(21, '', '2013-04-23 21:34:32'),
	(22, '', '2013-04-23 21:34:39'),
	(21, '', '2013-04-23 21:34:48'),
	(22, '', '2013-04-23 21:34:55'),
	(21, '', '2013-04-23 21:35:04'),
	(22, '', '2013-04-23 21:35:12'),
	(21, '', '2013-04-23 21:35:20'),
	(22, '', '2013-04-23 21:35:28'),
	(21, '', '2013-04-23 21:35:36'),
	(22, '', '2013-04-23 21:35:44'),
	(21, '', '2013-04-23 21:35:52'),
	(22, '', '2013-04-23 21:36:00'),
	(22, '', '2013-04-23 21:36:16'),
	(21, '', '2013-04-23 21:36:24'),
	(22, '', '2013-04-23 21:36:32'),
	(22, '', '2013-04-23 21:36:48'),
	(21, '', '2013-04-23 21:36:56'),
	(22, '', '2013-04-23 21:37:04'),
	(21, '', '2013-04-23 21:37:28'),
	(22, '', '2013-04-23 21:37:36'),
	(21, '', '2013-04-23 21:38:00'),
	(22, '', '2013-04-23 21:38:08'),
	(21, '', '2013-04-23 21:38:32'),
	(22, '', '2013-04-23 21:38:40'),
	(21, '', '2013-04-23 21:39:04'),
	(22, '', '2013-04-23 21:39:12'),
	(21, '', '2013-04-23 21:39:37'),
	(22, '', '2013-04-23 21:39:44'),
	(21, '', '2013-04-23 21:40:09'),
	(22, '', '2013-04-23 21:40:16'),
	(21, '', '2013-04-23 21:40:41'),
	(22, '', '2013-04-23 21:40:48'),
	(21, '', '2013-04-23 21:41:14'),
	(22, '', '2013-04-23 21:41:21'),
	(21, '', '2013-04-23 21:41:47'),
	(22, '', '2013-04-23 21:41:53'),
	(21, '', '2013-04-23 21:42:20'),
	(22, '', '2013-04-23 21:42:26'),
	(21, '', '2013-04-23 21:42:53'),
	(22, '', '2013-04-23 21:42:59'),
	(21, '', '2013-04-23 21:43:26'),
	(22, '', '2013-04-23 21:43:32'),
	(21, '', '2013-04-23 21:43:59'),
	(22, '', '2013-04-23 21:44:05'),
	(21, '', '2013-04-23 21:44:32'),
	(22, '', '2013-04-23 21:44:37'),
	(22, '', '2013-04-23 21:44:38'),
	(22, '', '2013-04-23 21:44:39'),
	(22, '', '2013-04-23 21:44:40'),
	(22, '', '2013-04-23 21:44:41'),
	(22, '', '2013-04-23 21:44:42'),
	(22, '', '2013-04-23 21:44:43'),
	(22, '', '2013-04-23 21:44:44'),
	(22, '', '2013-04-23 21:44:45'),
	(22, '', '2013-04-23 21:44:46'),
	(22, '', '2013-04-23 21:44:47'),
	(22, '', '2013-04-23 21:44:48'),
	(22, '', '2013-04-23 21:44:49'),
	(22, '', '2013-04-23 21:44:50'),
	(22, '', '2013-04-23 21:44:51'),
	(22, '', '2013-04-23 21:44:52'),
	(22, '', '2013-04-23 21:44:53'),
	(22, '', '2013-04-23 21:44:55'),
	(22, '', '2013-04-23 21:44:58'),
	(22, '', '2013-04-23 21:45:00'),
	(22, '', '2013-04-23 21:45:02'),
	(22, '', '2013-04-23 21:45:04'),
	(21, '', '2013-04-23 21:45:05'),
	(22, '', '2013-04-23 21:45:06'),
	(22, '', '2013-04-23 21:45:08'),
	(22, '', '2013-04-23 21:45:10'),
	(22, '', '2013-04-23 21:45:12'),
	(22, '', '2013-04-23 21:45:16'),
	(22, '', '2013-04-23 21:45:20'),
	(22, '', '2013-04-23 21:45:24'),
	(22, '', '2013-04-23 21:45:28'),
	(22, '', '2013-04-23 21:45:32'),
	(22, '', '2013-04-23 21:45:36'),
	(21, '', '2013-04-23 21:45:38'),
	(22, '', '2013-04-23 21:45:41'),
	(22, '', '2013-04-23 21:45:45'),
	(22, '', '2013-04-23 21:45:49'),
	(22, '', '2013-04-23 21:45:57'),
	(22, '', '2013-04-23 21:46:05'),
	(21, '', '2013-04-23 21:46:11'),
	(22, '', '2013-04-23 21:46:13'),
	(22, '', '2013-04-23 21:46:21'),
	(22, '', '2013-04-23 21:46:29'),
	(22, '', '2013-04-23 21:46:37'),
	(21, '', '2013-04-23 21:46:45'),
	(22, '', '2013-04-23 21:46:45'),
	(22, '', '2013-04-23 21:46:53'),
	(22, '', '2013-04-23 21:47:01'),
	(22, '', '2013-04-23 21:47:17'),
	(21, '', '2013-04-23 21:47:18'),
	(22, '', '2013-04-23 21:47:33'),
	(22, '', '2013-04-23 21:47:49'),
	(21, '', '2013-04-23 21:47:51'),
	(22, '', '2013-04-23 21:48:06'),
	(22, '', '2013-04-23 21:48:22'),
	(21, '', '2013-04-23 21:48:24'),
	(22, '', '2013-04-23 21:48:38'),
	(22, '', '2013-04-23 21:48:54'),
	(21, '', '2013-04-23 21:48:57'),
	(22, '', '2013-04-23 21:49:10'),
	(22, '', '2013-04-23 21:49:26'),
	(21, '', '2013-04-23 21:49:30'),
	(22, '', '2013-04-23 21:49:58'),
	(21, '', '2013-04-23 21:50:09'),
	(21, '', '2013-04-23 21:50:42'),
	(21, '', '2013-04-23 21:51:15'),
	(21, '', '2013-04-23 21:51:48'),
	(21, '', '2013-04-23 21:52:21'),
	(21, '', '2013-04-23 21:52:54'),
	(21, '', '2013-04-23 21:53:28'),
	(21, '', '2013-04-23 21:54:01'),
	(21, '', '2013-04-23 21:54:34'),
	(21, '', '2013-04-23 21:55:07'),
	(22, '', '2013-04-23 21:55:24'),
	(22, '', '2013-04-23 21:55:25'),
	(22, '', '2013-04-23 21:55:26'),
	(22, '', '2013-04-23 21:55:27'),
	(22, '', '2013-04-23 21:55:28'),
	(22, '', '2013-04-23 21:55:30'),
	(22, '', '2013-04-23 21:55:31'),
	(22, '', '2013-04-23 21:55:32'),
	(22, '', '2013-04-23 21:55:33'),
	(22, '', '2013-04-23 21:55:34'),
	(22, '', '2013-04-23 21:55:34'),
	(22, '', '2013-04-23 21:55:36'),
	(22, '', '2013-04-23 21:55:37'),
	(22, '', '2013-04-23 21:55:38'),
	(22, '', '2013-04-23 21:55:39'),
	(22, '', '2013-04-23 21:55:40'),
	(21, '', '2013-04-23 21:55:40'),
	(22, '', '2013-04-23 21:55:41'),
	(22, '', '2013-04-23 21:55:42'),
	(22, '', '2013-04-23 21:55:43'),
	(22, '', '2013-04-23 21:55:44'),
	(22, '', '2013-04-23 21:55:45'),
	(22, '', '2013-04-23 21:55:47'),
	(22, '', '2013-04-23 21:55:49'),
	(22, '', '2013-04-23 21:55:51'),
	(22, '', '2013-04-23 21:55:53'),
	(22, '', '2013-04-23 21:55:56'),
	(22, '', '2013-04-23 21:55:58'),
	(22, '', '2013-04-23 21:56:00'),
	(22, '', '2013-04-23 21:56:02'),
	(22, '', '2013-04-23 21:56:04'),
	(22, '', '2013-04-23 21:56:08'),
	(22, '', '2013-04-23 21:56:12'),
	(21, '', '2013-04-23 21:56:13'),
	(22, '', '2013-04-23 21:56:16'),
	(22, '', '2013-04-23 21:56:20'),
	(22, '', '2013-04-23 21:56:24'),
	(22, '', '2013-04-23 21:56:28'),
	(22, '', '2013-04-23 21:56:32'),
	(22, '', '2013-04-23 21:56:36'),
	(22, '', '2013-04-23 21:56:40'),
	(21, '', '2013-04-23 21:56:46'),
	(22, '', '2013-04-23 21:56:49'),
	(22, '', '2013-04-23 21:56:57'),
	(22, '', '2013-04-23 21:57:05'),
	(22, '', '2013-04-23 21:57:13'),
	(21, '', '2013-04-23 21:57:19'),
	(22, '', '2013-04-23 21:57:21'),
	(22, '', '2013-04-23 21:57:29'),
	(22, '', '2013-04-23 21:57:37'),
	(22, '', '2013-04-23 21:57:39'),
	(22, '', '2013-04-23 21:57:40'),
	(22, '', '2013-04-23 21:57:42'),
	(22, '', '2013-04-23 21:57:43'),
	(22, '', '2013-04-23 21:57:44'),
	(22, '', '2013-04-23 21:57:45'),
	(22, '', '2013-04-23 21:57:46'),
	(22, '', '2013-04-23 21:57:47'),
	(22, '', '2013-04-23 21:57:48'),
	(22, '', '2013-04-23 21:57:49'),
	(22, '', '2013-04-23 21:57:50'),
	(22, '', '2013-04-23 21:57:52'),
	(21, '', '2013-04-23 21:57:52'),
	(22, '', '2013-04-23 21:57:54'),
	(22, '', '2013-04-23 21:57:56'),
	(22, '', '2013-04-23 21:57:58'),
	(22, '', '2013-04-23 21:58:00'),
	(22, '', '2013-04-23 21:58:03'),
	(22, '', '2013-04-23 21:58:05'),
	(22, '', '2013-04-23 21:58:07'),
	(22, '', '2013-04-23 21:58:09'),
	(22, '', '2013-04-23 21:58:13'),
	(22, '', '2013-04-23 21:58:17'),
	(22, '', '2013-04-23 21:58:21'),
	(22, '', '2013-04-23 21:58:25'),
	(21, '', '2013-04-23 21:58:26'),
	(22, '', '2013-04-23 21:58:29'),
	(22, '', '2013-04-23 21:58:33'),
	(22, '', '2013-04-23 21:58:37'),
	(22, '', '2013-04-23 21:58:41'),
	(22, '', '2013-04-23 21:58:45'),
	(22, '', '2013-04-23 21:58:54'),
	(21, '', '2013-04-23 21:58:59'),
	(22, '', '2013-04-23 21:59:02'),
	(22, '', '2013-04-23 21:59:10'),
	(22, '', '2013-04-23 21:59:18'),
	(22, '', '2013-04-23 21:59:26'),
	(21, '', '2013-04-23 21:59:32'),
	(22, '', '2013-04-23 21:59:34'),
	(22, '', '2013-04-23 21:59:42'),
	(22, '', '2013-04-23 21:59:50'),
	(22, '', '2013-04-23 21:59:58'),
	(21, '', '2013-04-23 22:00:05'),
	(22, '', '2013-04-23 22:00:14'),
	(22, '', '2013-04-23 22:00:30'),
	(21, '', '2013-04-23 22:00:38'),
	(22, '', '2013-04-23 22:00:46'),
	(22, '', '2013-04-23 22:01:02'),
	(21, '', '2013-04-23 22:01:11'),
	(22, '', '2013-04-23 22:01:19'),
	(22, '', '2013-04-23 22:01:35'),
	(21, '', '2013-04-23 22:01:44'),
	(22, '', '2013-04-23 22:01:51'),
	(22, '', '2013-04-23 22:02:07'),
	(21, '', '2013-04-23 22:02:17'),
	(22, '', '2013-04-23 22:02:23'),
	(21, '', '2013-04-23 22:02:50'),
	(22, '', '2013-04-23 22:02:55'),
	(21, '', '2013-04-23 22:03:23'),
	(22, '', '2013-04-23 22:03:27'),
	(21, '', '2013-04-23 22:03:56'),
	(22, '', '2013-04-23 22:03:59'),
	(21, '', '2013-04-23 22:04:29'),
	(22, '', '2013-04-23 22:04:31'),
	(21, '', '2013-04-23 22:05:02'),
	(22, '', '2013-04-23 22:05:03'),
	(22, '', '2013-04-23 22:05:35'),
	(21, '', '2013-04-23 22:05:35'),
	(22, '', '2013-04-23 22:06:07'),
	(21, '', '2013-04-23 22:06:08'),
	(22, '', '2013-04-23 22:06:39'),
	(21, '', '2013-04-23 22:06:41'),
	(22, '', '2013-04-23 22:07:12'),
	(21, '', '2013-04-23 22:07:15'),
	(22, '', '2013-04-23 22:07:45'),
	(21, '', '2013-04-23 22:07:48'),
	(22, '', '2013-04-23 22:08:18'),
	(21, '', '2013-04-23 22:08:21'),
	(22, '', '2013-04-23 22:08:51'),
	(21, '', '2013-04-23 22:08:54'),
	(22, '', '2013-04-23 22:09:24'),
	(21, '', '2013-04-23 22:09:27'),
	(22, '', '2013-04-23 22:09:57'),
	(21, '', '2013-04-23 22:10:00'),
	(22, '', '2013-04-23 22:10:30'),
	(21, '', '2013-04-23 22:10:33'),
	(22, '', '2013-04-23 22:11:03'),
	(21, '', '2013-04-23 22:11:06'),
	(22, '', '2013-04-23 22:11:36'),
	(21, '', '2013-04-23 22:11:39'),
	(22, '', '2013-04-23 22:12:09'),
	(21, '', '2013-04-23 22:12:12'),
	(22, '', '2013-04-23 22:12:42'),
	(21, '', '2013-04-23 22:12:45'),
	(22, '', '2013-04-23 22:13:16'),
	(21, '', '2013-04-23 22:13:18'),
	(22, '', '2013-04-23 22:13:49'),
	(21, '', '2013-04-23 22:13:51'),
	(22, '', '2013-04-23 22:14:22'),
	(21, '', '2013-04-23 22:14:24'),
	(22, '', '2013-04-23 22:14:55'),
	(21, '', '2013-04-23 22:14:57'),
	(22, '', '2013-04-23 22:15:28'),
	(21, '', '2013-04-23 22:15:31'),
	(22, '', '2013-04-23 22:16:01'),
	(21, '', '2013-04-23 22:16:04'),
	(22, '', '2013-04-23 22:16:34'),
	(21, '', '2013-04-23 22:16:37'),
	(22, '', '2013-04-23 22:17:07'),
	(21, '', '2013-04-23 22:17:10'),
	(22, '', '2013-04-23 22:17:40'),
	(21, '', '2013-04-23 22:17:43'),
	(22, '', '2013-04-23 22:18:13'),
	(21, '', '2013-04-23 22:18:16'),
	(22, '', '2013-04-23 22:18:46'),
	(21, '', '2013-04-23 22:18:49'),
	(22, '', '2013-04-23 22:19:19'),
	(21, '', '2013-04-23 22:19:22'),
	(22, '', '2013-04-23 22:19:52'),
	(21, '', '2013-04-23 22:19:55'),
	(22, '', '2013-04-23 22:20:25'),
	(21, '', '2013-04-23 22:20:28'),
	(22, '', '2013-04-23 22:20:45'),
	(22, '', '2013-04-23 22:20:46'),
	(22, '', '2013-04-23 22:20:47'),
	(22, '', '2013-04-23 22:20:48'),
	(22, '', '2013-04-23 22:20:49'),
	(22, '', '2013-04-23 22:20:50'),
	(22, '', '2013-04-23 22:20:51'),
	(22, '', '2013-04-23 22:20:52'),
	(22, '', '2013-04-23 22:20:53'),
	(22, '', '2013-04-23 22:20:54'),
	(22, '', '2013-04-23 22:20:56'),
	(22, '', '2013-04-23 22:20:58'),
	(22, '', '2013-04-23 22:21:00'),
	(21, '', '2013-04-23 22:21:01'),
	(22, '', '2013-04-23 22:21:02'),
	(22, '', '2013-04-23 22:21:04'),
	(22, '', '2013-04-23 22:21:06'),
	(22, '', '2013-04-23 22:21:08'),
	(22, '', '2013-04-23 22:21:10'),
	(22, '', '2013-04-23 22:21:12'),
	(22, '', '2013-04-23 22:21:14'),
	(22, '', '2013-04-23 22:21:18'),
	(22, '', '2013-04-23 22:21:22'),
	(22, '', '2013-04-23 22:21:26'),
	(22, '', '2013-04-23 22:21:30'),
	(21, '', '2013-04-23 22:21:34'),
	(22, '', '2013-04-23 22:21:34'),
	(22, '', '2013-04-23 22:21:39'),
	(22, '', '2013-04-23 22:21:43'),
	(22, '', '2013-04-23 22:21:47'),
	(22, '', '2013-04-23 22:21:51'),
	(22, '', '2013-04-23 22:21:59'),
	(22, '', '2013-04-23 22:22:07'),
	(21, '', '2013-04-23 22:22:07'),
	(22, '', '2013-04-23 22:22:15'),
	(22, '', '2013-04-23 22:22:23'),
	(22, '', '2013-04-23 22:22:31'),
	(22, '', '2013-04-23 22:22:39'),
	(21, '', '2013-04-23 22:22:40'),
	(22, '', '2013-04-23 22:22:47'),
	(22, '', '2013-04-23 22:22:55'),
	(22, '', '2013-04-23 22:23:03'),
	(21, '', '2013-04-23 22:23:13'),
	(22, '', '2013-04-23 22:23:19'),
	(22, '', '2013-04-23 22:23:35'),
	(21, '', '2013-04-23 22:23:46'),
	(22, '', '2013-04-23 22:23:52'),
	(22, '', '2013-04-23 22:24:08'),
	(21, '', '2013-04-23 22:24:19'),
	(22, '', '2013-04-23 22:24:24'),
	(22, '', '2013-04-23 22:24:40'),
	(21, '', '2013-04-23 22:24:53'),
	(22, '', '2013-04-23 22:24:56'),
	(22, '', '2013-04-23 22:25:12'),
	(21, '', '2013-04-23 22:25:26'),
	(22, '', '2013-04-23 22:25:28'),
	(21, '', '2013-04-23 22:25:59'),
	(22, '', '2013-04-23 22:26:00'),
	(21, '', '2013-04-23 22:26:32'),
	(22, '', '2013-04-23 22:26:32'),
	(22, '', '2013-04-23 22:27:04'),
	(21, '', '2013-04-23 22:27:05'),
	(22, '', '2013-04-23 22:27:36'),
	(21, '', '2013-04-23 22:27:38'),
	(22, '', '2013-04-23 22:28:08'),
	(21, '', '2013-04-23 22:28:11'),
	(22, '', '2013-04-23 22:28:39'),
	(22, '', '2013-04-23 22:28:40'),
	(22, '', '2013-04-23 22:28:41'),
	(22, '', '2013-04-23 22:28:42'),
	(22, '', '2013-04-23 22:28:43'),
	(21, '', '2013-04-23 22:28:44'),
	(22, '', '2013-04-23 22:28:44'),
	(22, '', '2013-04-23 22:28:46'),
	(22, '', '2013-04-23 22:28:47'),
	(22, '', '2013-04-23 22:28:48'),
	(22, '', '2013-04-23 22:28:49'),
	(22, '', '2013-04-23 22:28:50'),
	(22, '', '2013-04-23 22:28:52'),
	(22, '', '2013-04-23 22:28:54'),
	(22, '', '2013-04-23 22:28:56'),
	(22, '', '2013-04-23 22:28:58'),
	(22, '', '2013-04-23 22:29:00'),
	(22, '', '2013-04-23 22:29:03'),
	(22, '', '2013-04-23 22:29:05'),
	(22, '', '2013-04-23 22:29:07'),
	(22, '', '2013-04-23 22:29:08'),
	(22, '', '2013-04-23 22:29:09'),
	(22, '', '2013-04-23 22:29:10'),
	(22, '', '2013-04-23 22:29:11'),
	(22, '', '2013-04-23 22:29:12'),
	(22, '', '2013-04-23 22:29:13'),
	(22, '', '2013-04-23 22:29:14'),
	(22, '', '2013-04-23 22:29:15'),
	(22, '', '2013-04-23 22:29:16'),
	(21, '', '2013-04-23 22:29:17'),
	(22, '', '2013-04-23 22:29:17'),
	(22, '', '2013-04-23 22:29:19'),
	(22, '', '2013-04-23 22:29:22'),
	(22, '', '2013-04-23 22:29:24'),
	(22, '', '2013-04-23 22:29:26'),
	(22, '', '2013-04-23 22:29:28'),
	(22, '', '2013-04-23 22:29:30'),
	(22, '', '2013-04-23 22:29:32'),
	(22, '', '2013-04-23 22:29:34'),
	(22, '', '2013-04-23 22:29:36'),
	(22, '', '2013-04-23 22:29:40'),
	(22, '', '2013-04-23 22:29:44'),
	(22, '', '2013-04-23 22:29:48'),
	(21, '', '2013-04-23 22:29:50'),
	(22, '', '2013-04-23 22:29:52'),
	(22, '', '2013-04-23 22:29:56'),
	(22, '', '2013-04-23 22:30:00'),
	(22, '', '2013-04-23 22:30:05'),
	(22, '', '2013-04-23 22:30:09'),
	(22, '', '2013-04-23 22:30:13'),
	(22, '', '2013-04-23 22:30:21'),
	(21, '', '2013-04-23 22:30:23'),
	(22, '', '2013-04-23 22:30:29'),
	(22, '', '2013-04-23 22:30:37'),
	(22, '', '2013-04-23 22:30:45'),
	(22, '', '2013-04-23 22:30:53'),
	(21, '', '2013-04-23 22:30:56'),
	(22, '', '2013-04-23 22:31:01'),
	(22, '', '2013-04-23 22:31:09'),
	(22, '', '2013-04-23 22:31:17'),
	(22, '', '2013-04-23 22:31:25'),
	(21, '', '2013-04-23 22:31:29'),
	(22, '', '2013-04-23 22:31:41'),
	(22, '', '2013-04-23 22:31:57'),
	(21, '', '2013-04-23 22:32:02'),
	(22, '', '2013-04-23 22:32:14'),
	(22, '', '2013-04-23 22:32:30'),
	(21, '', '2013-04-23 22:32:36'),
	(22, '', '2013-04-23 22:32:46'),
	(22, '', '2013-04-23 22:33:02'),
	(21, '', '2013-04-23 22:33:09'),
	(22, '', '2013-04-23 22:33:18'),
	(22, '', '2013-04-23 22:33:34'),
	(21, '', '2013-04-23 22:33:42'),
	(22, '', '2013-04-23 22:33:50'),
	(21, '', '2013-04-23 22:34:15'),
	(22, '', '2013-04-23 22:34:22'),
	(21, '', '2013-04-23 22:34:48'),
	(22, '', '2013-04-23 22:34:54'),
	(21, '', '2013-04-23 22:35:21'),
	(22, '', '2013-04-23 22:35:26'),
	(21, '', '2013-04-23 22:35:54'),
	(22, '', '2013-04-23 22:35:58'),
	(21, '', '2013-04-23 22:36:27'),
	(22, '', '2013-04-23 22:36:30'),
	(21, '', '2013-04-23 22:37:00'),
	(22, '', '2013-04-23 22:37:02'),
	(21, '', '2013-04-23 22:37:33'),
	(22, '', '2013-04-23 22:37:34'),
	(21, '', '2013-04-23 22:38:06'),
	(22, '', '2013-04-23 22:38:07'),
	(22, '', '2013-04-23 22:38:39'),
	(21, '', '2013-04-23 22:38:39'),
	(22, '', '2013-04-23 22:39:12'),
	(21, '', '2013-04-23 22:39:12'),
	(22, '', '2013-04-23 22:39:45'),
	(21, '', '2013-04-23 22:39:45'),
	(22, '', '2013-04-23 22:40:18'),
	(21, '', '2013-04-23 22:40:18'),
	(22, '', '2013-04-23 22:40:51'),
	(21, '', '2013-04-23 22:40:51'),
	(22, '', '2013-04-23 22:41:24'),
	(21, '', '2013-04-23 22:41:25'),
	(22, '', '2013-04-23 22:41:57'),
	(21, '', '2013-04-23 22:41:58'),
	(22, '', '2013-04-23 22:42:31'),
	(21, '', '2013-04-23 22:42:31'),
	(22, '', '2013-04-23 22:43:04'),
	(21, '', '2013-04-23 22:43:04'),
	(22, '', '2013-04-23 22:43:25'),
	(22, '', '2013-04-23 22:43:26'),
	(22, '', '2013-04-23 22:43:27'),
	(22, '', '2013-04-23 22:43:28'),
	(22, '', '2013-04-23 22:43:29'),
	(22, '', '2013-04-23 22:43:30'),
	(22, '', '2013-04-23 22:43:31'),
	(22, '', '2013-04-23 22:43:32'),
	(22, '', '2013-04-23 22:43:33'),
	(22, '', '2013-04-23 22:43:34'),
	(22, '', '2013-04-23 22:43:35'),
	(21, '', '2013-04-23 22:43:37'),
	(22, '', '2013-04-23 22:43:37'),
	(22, '', '2013-04-23 22:43:39'),
	(22, '', '2013-04-23 22:43:41'),
	(22, '', '2013-04-23 22:43:44'),
	(22, '', '2013-04-23 22:43:46'),
	(22, '', '2013-04-23 22:43:48'),
	(22, '', '2013-04-23 22:43:50'),
	(22, '', '2013-04-23 22:43:52'),
	(22, '', '2013-04-23 22:43:54'),
	(22, '', '2013-04-23 22:43:58'),
	(22, '', '2013-04-23 22:44:02'),
	(22, '', '2013-04-23 22:44:06'),
	(21, '', '2013-04-23 22:44:10'),
	(22, '', '2013-04-23 22:44:10'),
	(22, '', '2013-04-23 22:44:14'),
	(22, '', '2013-04-23 22:44:18'),
	(22, '', '2013-04-23 22:44:22'),
	(22, '', '2013-04-23 22:44:23'),
	(22, '', '2013-04-23 22:44:24'),
	(22, '', '2013-04-23 22:44:25'),
	(22, '', '2013-04-23 22:44:26'),
	(22, '', '2013-04-23 22:44:27'),
	(22, '', '2013-04-23 22:44:28'),
	(22, '', '2013-04-23 22:44:29'),
	(22, '', '2013-04-23 22:44:30'),
	(22, '', '2013-04-23 22:44:32'),
	(22, '', '2013-04-23 22:44:33'),
	(22, '', '2013-04-23 22:44:35'),
	(22, '', '2013-04-23 22:44:37'),
	(22, '', '2013-04-23 22:44:39'),
	(22, '', '2013-04-23 22:44:41'),
	(21, '', '2013-04-23 22:44:43'),
	(22, '', '2013-04-23 22:44:43'),
	(22, '', '2013-04-23 22:44:45'),
	(22, '', '2013-04-23 22:44:47'),
	(22, '', '2013-04-23 22:44:49'),
	(22, '', '2013-04-23 22:44:51'),
	(22, '', '2013-04-23 22:44:55'),
	(22, '', '2013-04-23 22:44:59'),
	(22, '', '2013-04-23 22:45:04'),
	(22, '', '2013-04-23 22:45:08'),
	(22, '', '2013-04-23 22:45:12'),
	(22, '', '2013-04-23 22:45:16'),
	(21, '', '2013-04-23 22:45:16'),
	(22, '', '2013-04-23 22:45:20'),
	(22, '', '2013-04-23 22:45:24'),
	(22, '', '2013-04-23 22:45:28'),
	(22, '', '2013-04-23 22:45:36'),
	(22, '', '2013-04-23 22:45:44'),
	(21, '', '2013-04-23 22:45:49'),
	(22, '', '2013-04-23 22:45:52'),
	(22, '', '2013-04-23 22:46:00'),
	(22, '', '2013-04-23 22:46:08'),
	(22, '', '2013-04-23 22:46:16'),
	(21, '', '2013-04-23 22:46:22'),
	(22, '', '2013-04-23 22:46:24'),
	(22, '', '2013-04-23 22:46:33'),
	(22, '', '2013-04-23 22:46:41'),
	(21, '', '2013-04-23 22:46:55'),
	(22, '', '2013-04-23 22:46:57'),
	(22, '', '2013-04-23 22:47:13'),
	(21, '', '2013-04-23 22:47:28'),
	(22, '', '2013-04-23 22:47:29'),
	(22, '', '2013-04-23 22:47:45'),
	(22, '', '2013-04-23 22:48:01'),
	(21, '', '2013-04-23 22:48:01'),
	(22, '', '2013-04-23 22:48:17'),
	(22, '', '2013-04-23 22:48:33'),
	(21, '', '2013-04-23 22:48:34'),
	(22, '', '2013-04-23 22:48:41'),
	(22, '', '2013-04-23 22:48:42'),
	(22, '', '2013-04-23 22:48:43'),
	(22, '', '2013-04-23 22:48:44'),
	(22, '', '2013-04-23 22:48:45'),
	(22, '', '2013-04-23 22:48:46'),
	(22, '', '2013-04-23 22:48:47'),
	(22, '', '2013-04-23 22:48:49'),
	(22, '', '2013-04-23 22:48:50'),
	(22, '', '2013-04-23 22:48:51'),
	(22, '', '2013-04-23 22:48:52'),
	(22, '', '2013-04-23 22:48:54'),
	(22, '', '2013-04-23 22:48:56'),
	(22, '', '2013-04-23 22:48:58'),
	(22, '', '2013-04-23 22:49:00'),
	(22, '', '2013-04-23 22:49:02'),
	(22, '', '2013-04-23 22:49:04'),
	(22, '', '2013-04-23 22:49:06'),
	(21, '', '2013-04-23 22:49:07'),
	(22, '', '2013-04-23 22:49:08'),
	(22, '', '2013-04-23 22:49:10'),
	(22, '', '2013-04-23 22:49:14'),
	(22, '', '2013-04-23 22:49:18'),
	(22, '', '2013-04-23 22:49:23'),
	(22, '', '2013-04-23 22:49:27'),
	(22, '', '2013-04-23 22:49:31'),
	(22, '', '2013-04-23 22:49:35'),
	(22, '', '2013-04-23 22:49:39'),
	(21, '', '2013-04-23 22:49:41'),
	(22, '', '2013-04-23 22:49:41'),
	(22, '', '2013-04-23 22:49:42'),
	(22, '', '2013-04-23 22:49:43'),
	(22, '', '2013-04-23 22:49:44'),
	(22, '', '2013-04-23 22:49:45'),
	(22, '', '2013-04-23 22:49:47'),
	(22, '', '2013-04-23 22:49:48'),
	(22, '', '2013-04-23 22:49:49'),
	(22, '', '2013-04-23 22:49:50'),
	(22, '', '2013-04-23 22:49:51'),
	(22, '', '2013-04-23 22:49:52'),
	(22, '', '2013-04-23 22:49:54'),
	(22, '', '2013-04-23 22:49:56'),
	(22, '', '2013-04-23 22:49:58'),
	(22, '', '2013-04-23 22:50:00'),
	(22, '', '2013-04-23 22:50:02'),
	(22, '', '2013-04-23 22:50:04'),
	(22, '', '2013-04-23 22:50:06'),
	(22, '', '2013-04-23 22:50:08'),
	(22, '', '2013-04-23 22:50:11'),
	(21, '', '2013-04-23 22:50:14'),
	(22, '', '2013-04-23 22:50:15'),
	(22, '', '2013-04-23 22:50:19'),
	(22, '', '2013-04-23 22:50:23'),
	(22, '', '2013-04-23 22:50:27'),
	(22, '', '2013-04-23 22:50:31'),
	(22, '', '2013-04-23 22:50:35'),
	(22, '', '2013-04-23 22:50:39'),
	(22, '', '2013-04-23 22:50:43'),
	(21, '', '2013-04-23 22:50:47'),
	(22, '', '2013-04-23 22:50:47'),
	(22, '', '2013-04-23 22:50:55'),
	(22, '', '2013-04-23 22:51:03'),
	(22, '', '2013-04-23 22:51:11'),
	(22, '', '2013-04-23 22:51:19'),
	(21, '', '2013-04-23 22:51:20'),
	(22, '', '2013-04-23 22:51:27'),
	(22, '', '2013-04-23 22:51:36'),
	(22, '', '2013-04-23 22:51:44'),
	(22, '', '2013-04-23 22:51:52'),
	(21, '', '2013-04-23 22:51:53'),
	(22, '', '2013-04-23 22:52:00'),
	(22, '', '2013-04-23 22:52:16'),
	(21, '', '2013-04-23 22:52:26'),
	(22, '', '2013-04-23 22:52:32'),
	(22, '', '2013-04-23 22:52:48'),
	(21, '', '2013-04-23 22:52:59'),
	(22, '', '2013-04-23 22:53:04'),
	(22, '', '2013-04-23 22:53:20'),
	(21, '', '2013-04-23 22:53:32'),
	(22, '', '2013-04-23 22:53:36'),
	(22, '', '2013-04-23 22:53:52'),
	(21, '', '2013-04-23 22:54:05'),
	(22, '', '2013-04-23 22:54:08'),
	(22, '', '2013-04-23 22:54:24'),
	(21, '', '2013-04-23 22:54:38'),
	(22, '', '2013-04-23 22:54:44'),
	(22, '', '2013-04-23 22:54:45'),
	(22, '', '2013-04-23 22:54:46'),
	(22, '', '2013-04-23 22:54:47'),
	(22, '', '2013-04-23 22:54:49'),
	(22, '', '2013-04-23 22:54:50'),
	(22, '', '2013-04-23 22:54:51'),
	(22, '', '2013-04-23 22:54:52'),
	(22, '', '2013-04-23 22:54:53'),
	(22, '', '2013-04-23 22:54:54'),
	(22, '', '2013-04-23 22:54:55'),
	(22, '', '2013-04-23 22:54:57'),
	(22, '', '2013-04-23 22:54:59'),
	(22, '', '2013-04-23 22:55:01'),
	(22, '', '2013-04-23 22:55:03'),
	(22, '', '2013-04-23 22:55:05'),
	(22, '', '2013-04-23 22:55:07'),
	(22, '', '2013-04-23 22:55:09'),
	(21, '', '2013-04-23 22:55:11'),
	(22, '', '2013-04-23 22:55:12'),
	(22, '', '2013-04-23 22:55:14'),
	(22, '', '2013-04-23 22:55:17'),
	(22, '', '2013-04-23 22:55:19'),
	(22, '', '2013-04-23 22:55:20'),
	(22, '', '2013-04-23 22:55:21'),
	(22, '', '2013-04-23 22:55:22'),
	(22, '', '2013-04-23 22:55:23'),
	(22, '', '2013-04-23 22:55:24'),
	(22, '', '2013-04-23 22:55:25'),
	(22, '', '2013-04-23 22:55:26'),
	(22, '', '2013-04-23 22:55:27'),
	(22, '', '2013-04-23 22:55:28'),
	(22, '', '2013-04-23 22:55:30'),
	(22, '', '2013-04-23 22:55:32'),
	(22, '', '2013-04-23 22:55:34'),
	(22, '', '2013-04-23 22:55:36'),
	(22, '', '2013-04-23 22:55:39'),
	(22, '', '2013-04-23 22:55:41'),
	(22, '', '2013-04-23 22:55:43'),
	(21, '', '2013-04-23 22:55:44'),
	(22, '', '2013-04-23 22:55:45'),
	(22, '', '2013-04-23 22:55:47'),
	(22, '', '2013-04-23 22:55:51'),
	(22, '', '2013-04-23 22:55:55'),
	(22, '', '2013-04-23 22:55:59'),
	(22, '', '2013-04-23 22:56:03'),
	(22, '', '2013-04-23 22:56:07'),
	(22, '', '2013-04-23 22:56:11'),
	(22, '', '2013-04-23 22:56:15'),
	(21, '', '2013-04-23 22:56:17'),
	(22, '', '2013-04-23 22:56:19'),
	(22, '', '2013-04-23 22:56:23'),
	(22, '', '2013-04-23 22:56:32'),
	(22, '', '2013-04-23 22:56:40'),
	(22, '', '2013-04-23 22:56:48'),
	(21, '', '2013-04-23 22:56:50'),
	(22, '', '2013-04-23 22:56:56'),
	(22, '', '2013-04-23 22:57:04'),
	(22, '', '2013-04-23 22:57:12'),
	(22, '', '2013-04-23 22:57:20'),
	(21, '', '2013-04-23 22:57:23'),
	(22, '', '2013-04-23 22:57:28'),
	(22, '', '2013-04-23 22:57:36'),
	(22, '', '2013-04-23 22:57:52'),
	(21, '', '2013-04-23 22:57:56'),
	(22, '', '2013-04-23 22:58:08'),
	(22, '', '2013-04-23 22:58:24'),
	(21, '', '2013-04-23 22:58:29'),
	(22, '', '2013-04-23 22:58:40'),
	(22, '', '2013-04-23 22:58:57'),
	(21, '', '2013-04-23 22:59:03'),
	(22, '', '2013-04-23 22:59:13'),
	(22, '', '2013-04-23 22:59:29'),
	(21, '', '2013-04-23 22:59:36'),
	(21, '', '2013-04-23 23:00:09'),
	(21, '', '2013-04-23 23:00:53'),
	(21, '', '2013-04-23 23:01:26'),
	(21, '', '2013-04-23 23:01:59'),
	(21, '', '2013-04-23 23:02:32'),
	(21, '', '2013-04-23 23:03:05'),
	(21, '', '2013-04-23 23:03:38'),
	(21, '', '2013-04-23 23:04:11'),
	(21, '', '2013-04-23 23:04:44'),
	(21, '', '2013-04-23 23:05:17'),
	(21, '', '2013-04-23 23:05:50'),
	(21, '', '2013-04-23 23:06:23'),
	(21, '', '2013-04-23 23:06:56'),
	(21, '', '2013-04-23 23:07:29'),
	(21, '', '2013-04-23 23:08:03'),
	(21, '', '2013-04-23 23:08:36'),
	(21, '', '2013-04-23 23:09:09'),
	(21, '', '2013-04-23 23:09:42'),
	(21, '', '2013-04-23 23:10:15'),
	(21, '', '2013-04-23 23:10:48'),
	(21, '', '2013-04-23 23:11:21'),
	(21, '', '2013-04-23 23:11:54'),
	(21, '', '2013-04-23 23:12:27'),
	(21, '', '2013-04-23 23:13:00'),
	(21, '', '2013-04-23 23:13:33'),
	(21, '', '2013-04-23 23:14:06'),
	(21, '', '2013-04-23 23:14:39'),
	(21, '', '2013-04-23 23:15:12'),
	(21, '', '2013-04-23 23:15:45'),
	(21, '', '2013-04-23 23:16:18'),
	(21, '', '2013-04-23 23:16:52'),
	(21, '', '2013-04-23 23:17:25'),
	(21, '', '2013-04-23 23:17:58'),
	(21, '', '2013-04-23 23:18:31'),
	(21, '', '2013-04-23 23:19:04'),
	(21, '', '2013-04-23 23:19:37'),
	(21, '', '2013-04-23 23:20:10'),
	(21, '', '2013-04-23 23:20:43'),
	(21, '', '2013-04-23 23:21:16'),
	(21, '', '2013-04-23 23:21:49'),
	(21, '', '2013-04-23 23:22:22'),
	(21, '', '2013-04-23 23:22:55'),
	(21, '', '2013-04-23 23:23:28'),
	(21, '', '2013-04-23 23:24:01'),
	(21, '', '2013-04-23 23:24:35'),
	(21, '', '2013-04-23 23:25:08'),
	(21, '', '2013-04-23 23:25:41'),
	(21, '', '2013-04-23 23:26:14'),
	(21, '', '2013-04-23 23:26:47'),
	(21, '', '2013-04-23 23:27:20'),
	(21, '', '2013-04-23 23:27:53'),
	(21, '', '2013-04-23 23:28:26'),
	(21, '', '2013-04-23 23:28:59'),
	(21, '', '2013-04-23 23:29:32'),
	(21, '', '2013-04-23 23:30:05'),
	(21, '', '2013-04-23 23:30:38'),
	(21, '', '2013-04-23 23:31:11'),
	(21, '', '2013-04-23 23:31:44'),
	(21, '', '2013-04-23 23:32:18'),
	(21, '', '2013-04-23 23:32:51'),
	(21, '', '2013-04-23 23:33:24'),
	(21, '', '2013-04-23 23:33:57'),
	(21, '', '2013-04-23 23:34:30'),
	(21, '', '2013-04-23 23:35:03'),
	(21, '', '2013-04-23 23:35:36'),
	(21, '', '2013-04-23 23:36:09'),
	(21, '', '2013-04-23 23:36:42'),
	(21, '', '2013-04-23 23:37:15'),
	(21, '', '2013-04-23 23:37:48'),
	(21, '', '2013-04-23 23:38:21'),
	(21, '', '2013-04-23 23:38:54'),
	(21, '', '2013-04-23 23:39:27'),
	(21, '', '2013-04-23 23:40:01'),
	(21, '', '2013-04-23 23:40:34'),
	(21, '', '2013-04-23 23:41:07'),
	(21, '', '2013-04-23 23:41:40'),
	(21, '', '2013-04-23 23:42:13'),
	(21, '', '2013-04-23 23:42:46'),
	(21, '', '2013-04-23 23:43:19'),
	(21, '', '2013-04-23 23:43:52'),
	(21, '', '2013-04-23 23:44:25'),
	(21, '', '2013-04-23 23:44:58'),
	(21, '', '2013-04-23 23:45:31'),
	(21, '', '2013-04-23 23:46:04'),
	(20, '', '2013-04-24 13:35:22'),
	(20, '', '2013-04-24 13:35:23'),
	(20, '', '2013-04-24 13:35:24'),
	(20, '', '2013-04-24 13:35:25'),
	(20, '', '2013-04-24 13:35:27'),
	(20, '', '2013-04-24 13:35:28'),
	(20, '', '2013-04-24 13:35:29'),
	(20, '', '2013-04-24 13:35:30'),
	(20, '', '2013-04-24 13:35:31'),
	(20, '', '2013-04-24 13:35:32'),
	(20, '', '2013-04-24 13:35:33'),
	(20, '', '2013-04-24 13:35:34'),
	(20, '', '2013-04-24 13:35:35'),
	(20, '', '2013-04-24 13:35:36'),
	(20, '', '2013-04-24 13:35:37'),
	(20, '', '2013-04-24 13:35:38'),
	(20, '', '2013-04-24 13:35:40'),
	(20, '', '2013-04-24 13:35:41'),
	(20, '', '2013-04-24 13:35:42'),
	(20, '', '2013-04-24 13:35:43'),
	(20, '', '2013-04-24 13:35:44'),
	(20, '', '2013-04-24 13:35:46'),
	(20, '', '2013-04-24 13:35:47'),
	(20, '', '2013-04-24 13:35:48'),
	(20, '', '2013-04-24 13:35:49'),
	(20, '', '2013-04-24 13:35:50'),
	(20, '', '2013-04-24 13:35:52'),
	(20, '', '2013-04-24 13:35:53'),
	(20, '', '2013-04-24 13:35:54'),
	(20, '', '2013-04-24 13:35:55'),
	(20, '', '2013-04-24 13:35:56'),
	(20, '', '2013-04-24 13:35:57'),
	(20, '', '2013-04-24 13:35:58'),
	(20, '', '2013-04-24 13:36:00'),
	(20, '', '2013-04-24 13:36:02'),
	(20, '', '2013-04-24 13:36:04'),
	(20, '', '2013-04-24 13:36:07'),
	(20, '', '2013-04-24 13:36:09'),
	(20, '', '2013-04-24 13:36:11'),
	(20, '', '2013-04-24 13:36:13'),
	(20, '', '2013-04-24 13:36:15'),
	(21, '', '2013-04-24 13:36:29'),
	(21, '', '2013-04-24 13:36:30'),
	(21, '', '2013-04-24 13:36:31'),
	(21, '', '2013-04-24 13:36:32'),
	(21, '', '2013-04-24 13:36:33'),
	(21, '', '2013-04-24 13:36:34'),
	(21, '', '2013-04-24 13:36:35'),
	(21, '', '2013-04-24 13:36:36'),
	(21, '', '2013-04-24 13:36:37'),
	(21, '', '2013-04-24 13:36:39'),
	(21, '', '2013-04-24 13:36:40'),
	(21, '', '2013-04-24 13:36:42'),
	(21, '', '2013-04-24 13:36:44'),
	(21, '', '2013-04-24 13:36:46'),
	(21, '', '2013-04-24 13:36:48'),
	(21, '', '2013-04-24 13:36:50'),
	(21, '', '2013-04-24 13:36:52'),
	(21, '', '2013-04-24 13:36:54'),
	(21, '', '2013-04-24 13:36:56'),
	(21, '', '2013-04-24 13:36:58'),
	(21, '', '2013-04-24 13:37:02'),
	(21, '', '2013-04-24 13:37:07'),
	(21, '', '2013-04-24 13:37:08'),
	(21, '', '2013-04-24 13:37:09'),
	(21, '', '2013-04-24 13:37:10'),
	(21, '', '2013-04-24 13:37:11'),
	(21, '', '2013-04-24 13:37:12'),
	(21, '', '2013-04-24 13:37:13'),
	(21, '', '2013-04-24 13:37:14'),
	(21, '', '2013-04-24 13:37:15'),
	(21, '', '2013-04-24 13:37:16'),
	(21, '', '2013-04-24 13:37:18'),
	(21, '', '2013-04-24 13:37:19'),
	(21, '', '2013-04-24 13:37:21'),
	(21, '', '2013-04-24 13:37:23'),
	(21, '', '2013-04-24 13:37:25'),
	(21, '', '2013-04-24 13:37:27'),
	(21, '', '2013-04-24 13:37:29'),
	(21, '', '2013-04-24 13:37:31'),
	(21, '', '2013-04-24 13:37:33'),
	(21, '', '2013-04-24 13:37:35'),
	(21, '', '2013-04-24 13:37:37'),
	(21, '', '2013-04-24 13:37:41'),
	(21, '', '2013-04-24 13:37:45'),
	(21, '', '2013-04-24 13:37:49'),
	(21, '', '2013-04-24 13:37:53'),
	(21, '', '2013-04-24 13:37:58'),
	(21, '', '2013-04-24 13:38:02'),
	(21, '', '2013-04-24 13:38:06'),
	(21, '', '2013-04-24 13:38:10'),
	(21, '', '2013-04-24 13:38:14'),
	(21, '', '2013-04-24 13:38:22'),
	(21, '', '2013-04-24 13:38:30'),
	(21, '', '2013-04-24 13:38:36'),
	(21, '', '2013-04-24 13:38:37'),
	(21, '', '2013-04-24 13:38:38'),
	(21, '', '2013-04-24 13:38:39'),
	(21, '', '2013-04-24 13:38:40'),
	(21, '', '2013-04-24 13:38:41'),
	(21, '', '2013-04-24 13:38:42'),
	(21, '', '2013-04-24 13:38:43'),
	(21, '', '2013-04-24 13:38:44'),
	(21, '', '2013-04-24 13:38:45'),
	(21, '', '2013-04-24 13:38:46'),
	(21, '', '2013-04-24 13:38:48'),
	(21, '', '2013-04-24 13:38:50'),
	(21, '', '2013-04-24 13:38:53'),
	(21, '', '2013-04-24 13:38:55'),
	(21, '', '2013-04-24 13:38:57'),
	(21, '', '2013-04-24 13:38:59'),
	(21, '', '2013-04-24 13:39:01'),
	(21, '', '2013-04-24 13:39:03'),
	(21, '', '2013-04-24 13:39:05'),
	(21, '', '2013-04-24 13:39:09'),
	(21, '', '2013-04-24 13:39:13'),
	(21, '', '2013-04-24 13:39:17'),
	(21, '', '2013-04-24 13:39:21'),
	(21, '', '2013-04-24 13:39:25'),
	(21, '', '2013-04-24 13:39:29'),
	(21, '', '2013-04-24 13:39:33'),
	(21, '', '2013-04-24 13:39:37'),
	(21, '', '2013-04-24 13:39:42'),
	(21, '', '2013-04-24 13:39:50'),
	(21, '', '2013-04-24 13:39:58'),
	(21, '', '2013-04-24 13:40:06'),
	(22, '', '2013-04-24 13:40:18'),
	(22, '', '2013-04-24 13:40:19'),
	(22, '', '2013-04-24 13:40:20'),
	(22, '', '2013-04-24 13:40:21'),
	(22, '', '2013-04-24 13:40:22'),
	(22, '', '2013-04-24 13:40:23'),
	(22, '', '2013-04-24 13:40:24'),
	(22, '', '2013-04-24 13:40:26'),
	(22, '', '2013-04-24 13:40:27'),
	(22, '', '2013-04-24 13:40:28'),
	(22, '', '2013-04-24 13:40:29'),
	(22, '', '2013-04-24 13:40:30'),
	(22, '', '2013-04-24 13:40:31'),
	(22, '', '2013-04-24 13:40:32'),
	(22, '', '2013-04-24 13:40:33'),
	(22, '', '2013-04-24 13:40:34'),
	(22, '', '2013-04-24 13:40:35'),
	(22, '', '2013-04-24 13:40:37'),
	(22, '', '2013-04-24 13:40:39'),
	(22, '', '2013-04-24 13:40:41'),
	(22, '', '2013-04-24 13:40:43'),
	(22, '', '2013-04-24 13:40:44'),
	(22, '', '2013-04-24 13:40:45'),
	(22, '', '2013-04-24 13:40:46'),
	(22, '', '2013-04-24 13:40:47'),
	(22, '', '2013-04-24 13:40:48'),
	(22, '', '2013-04-24 13:40:49'),
	(22, '', '2013-04-24 13:40:50'),
	(22, '', '2013-04-24 13:40:51'),
	(22, '', '2013-04-24 13:40:52'),
	(22, '', '2013-04-24 13:40:54'),
	(22, '', '2013-04-24 13:40:56'),
	(22, '', '2013-04-24 13:40:58'),
	(22, '', '2013-04-24 13:41:01'),
	(22, '', '2013-04-24 13:41:03'),
	(22, '', '2013-04-24 13:41:05'),
	(22, '', '2013-04-24 13:41:07'),
	(22, '', '2013-04-24 13:41:09'),
	(22, '', '2013-04-24 13:41:11'),
	(22, '', '2013-04-24 13:41:15'),
	(22, '', '2013-04-24 13:41:19'),
	(22, '', '2013-04-24 13:41:23'),
	(22, '', '2013-04-24 13:41:27'),
	(22, '', '2013-04-24 13:41:31'),
	(22, '', '2013-04-24 13:41:36'),
	(22, '', '2013-04-24 13:41:40'),
	(22, '', '2013-04-24 13:41:44'),
	(22, '', '2013-04-24 13:41:48'),
	(22, '', '2013-04-24 13:41:56'),
	(22, '', '2013-04-24 13:42:04'),
	(22, '', '2013-04-24 13:42:12'),
	(22, '', '2013-04-24 13:42:20'),
	(22, '', '2013-04-24 13:42:28'),
	(22, '', '2013-04-24 13:42:37'),
	(22, '', '2013-04-24 13:42:45'),
	(22, '', '2013-04-24 13:42:53'),
	(22, '', '2013-04-24 13:43:01'),
	(22, '', '2013-04-24 13:43:17'),
	(22, '', '2013-04-24 13:43:59'),
	(22, '', '2013-04-24 13:44:15'),
	(21, '', '2013-04-24 13:44:23'),
	(21, '', '2013-04-24 13:44:24'),
	(21, '', '2013-04-24 13:44:24'),
	(21, '', '2013-04-24 13:44:26'),
	(21, '', '2013-04-24 13:44:27'),
	(21, '', '2013-04-24 13:44:28'),
	(21, '', '2013-04-24 13:44:29'),
	(21, '', '2013-04-24 13:44:30'),
	(21, '', '2013-04-24 13:44:31'),
	(22, '', '2013-04-24 13:44:31'),
	(21, '', '2013-04-24 13:44:32'),
	(21, '', '2013-04-24 13:44:33'),
	(21, '', '2013-04-24 13:44:34'),
	(21, '', '2013-04-24 13:44:35'),
	(21, '', '2013-04-24 13:44:37'),
	(21, '', '2013-04-24 13:44:39'),
	(21, '', '2013-04-24 13:44:41'),
	(21, '', '2013-04-24 13:44:43'),
	(21, '', '2013-04-24 13:44:45'),
	(21, '', '2013-04-24 13:44:47'),
	(22, '', '2013-04-24 13:44:47'),
	(21, '', '2013-04-24 13:44:50'),
	(21, '', '2013-04-24 13:44:52'),
	(21, '', '2013-04-24 13:44:54'),
	(21, '', '2013-04-24 13:44:58'),
	(21, '', '2013-04-24 13:45:02'),
	(22, '', '2013-04-24 13:45:04'),
	(21, '', '2013-04-24 13:45:06'),
	(21, '', '2013-04-24 13:45:10'),
	(21, '', '2013-04-24 13:45:14'),
	(21, '', '2013-04-24 13:45:18'),
	(22, '', '2013-04-24 13:45:20'),
	(21, '', '2013-04-24 13:45:22'),
	(21, '', '2013-04-24 13:45:26'),
	(21, '', '2013-04-24 13:45:30'),
	(22, '', '2013-04-24 13:45:36'),
	(21, '', '2013-04-24 13:45:38'),
	(21, '', '2013-04-24 13:45:46'),
	(22, '', '2013-04-24 13:45:52'),
	(21, '', '2013-04-24 13:45:55'),
	(21, '', '2013-04-24 13:46:03'),
	(21, '', '2013-04-24 13:46:11'),
	(21, '', '2013-04-24 13:46:19'),
	(22, '', '2013-04-24 13:46:24'),
	(21, '', '2013-04-24 13:46:27'),
	(21, '', '2013-04-24 13:46:35'),
	(21, '', '2013-04-24 13:46:43'),
	(22, '', '2013-04-24 13:46:56'),
	(21, '', '2013-04-24 13:46:59'),
	(21, '', '2013-04-24 13:47:15'),
	(22, '', '2013-04-24 13:47:28'),
	(22, '', '2013-04-24 13:48:00'),
	(22, '', '2013-04-24 13:48:32'),
	(22, '', '2013-04-24 13:49:04'),
	(22, '', '2013-04-24 13:49:37'),
	(22, '', '2013-04-24 13:50:09'),
	(22, '', '2013-04-24 13:50:41'),
	(22, '', '2013-04-27 20:55:59'),
	(22, '', '2013-04-27 20:56:00'),
	(22, '', '2013-04-27 20:56:01'),
	(22, '', '2013-04-27 20:56:02'),
	(22, '', '2013-04-27 20:56:04'),
	(22, '', '2013-04-27 20:56:05'),
	(22, '', '2013-04-27 20:56:06'),
	(22, '', '2013-04-27 20:56:07'),
	(22, '', '2013-04-27 20:56:08'),
	(22, '', '2013-04-27 20:56:10'),
	(22, '', '2013-04-27 20:56:11'),
	(22, '', '2013-04-27 20:56:12'),
	(22, '', '2013-04-27 20:56:13'),
	(22, '', '2013-04-27 20:56:14'),
	(22, '', '2013-04-27 20:56:16'),
	(22, '', '2013-04-27 20:56:18'),
	(22, '', '2013-04-27 20:56:20'),
	(22, '', '2013-04-27 20:56:22'),
	(22, '', '2013-04-27 20:56:24'),
	(22, '', '2013-04-27 20:56:26'),
	(22, '', '2013-04-27 20:56:29'),
	(22, '', '2013-04-27 20:56:31'),
	(22, '', '2013-04-27 20:56:33'),
	(22, '', '2013-04-27 20:56:35'),
	(22, '', '2013-04-27 20:56:39'),
	(22, '', '2013-04-27 20:56:43'),
	(22, '', '2013-04-27 20:56:48'),
	(22, '', '2013-04-27 20:56:52'),
	(22, '', '2013-04-27 20:56:56'),
	(22, '', '2013-04-27 20:57:00'),
	(22, '', '2013-04-27 20:57:04'),
	(22, '', '2013-04-27 20:57:09'),
	(22, '', '2013-04-27 20:57:13'),
	(22, '', '2013-04-27 20:57:21'),
	(22, '', '2013-04-27 20:57:29'),
	(22, '', '2013-04-27 20:57:37'),
	(22, '', '2013-04-27 20:57:45'),
	(22, '', '2013-04-27 20:57:54'),
	(22, '', '2013-04-27 20:58:02'),
	(22, '', '2013-04-27 20:58:10'),
	(22, '', '2013-04-27 20:58:18'),
	(22, '', '2013-04-27 20:58:26'),
	(22, '', '2013-04-27 20:58:42'),
	(22, '', '2013-04-27 20:58:59'),
	(22, '', '2013-04-27 20:59:15'),
	(22, '', '2013-04-27 20:59:31'),
	(22, '', '2013-04-27 20:59:48'),
	(22, '', '2013-04-27 21:00:05'),
	(22, '', '2013-04-27 21:00:21'),
	(22, '', '2013-04-27 21:00:37'),
	(22, '', '2013-04-27 21:00:54'),
	(22, '', '2013-04-27 21:01:26'),
	(22, '', '2013-04-27 21:01:58'),
	(22, '', '2013-04-27 21:02:30'),
	(22, '', '2013-04-27 21:03:02'),
	(22, '', '2013-04-27 21:03:34'),
	(22, '', '2013-04-27 21:04:07'),
	(22, '', '2013-04-27 21:04:39'),
	(22, '', '2013-04-27 21:05:11'),
	(22, '', '2013-04-27 21:05:43'),
	(22, '', '2013-04-27 21:06:16'),
	(22, '', '2013-04-27 21:06:49'),
	(21, '', '2013-06-18 12:08:10'),
	(21, '', '2013-06-18 12:08:12'),
	(21, '', '2013-06-18 12:08:13'),
	(21, '', '2013-06-18 12:08:14'),
	(21, '', '2013-06-18 12:08:15'),
	(21, '', '2013-06-18 12:08:16'),
	(21, '', '2013-06-18 12:08:17'),
	(21, '', '2013-06-18 12:08:18'),
	(21, '', '2013-06-18 12:08:20'),
	(21, '', '2013-06-18 12:08:21'),
	(21, '', '2013-06-18 12:08:22'),
	(21, '', '2013-06-18 12:08:24'),
	(21, '', '2013-06-18 12:08:27'),
	(21, '', '2013-06-18 12:08:29'),
	(21, '', '2013-06-18 12:08:32'),
	(21, '', '2013-06-18 12:08:34'),
	(21, '', '2013-06-18 12:08:36'),
	(21, '', '2013-06-18 12:08:38'),
	(21, '', '2013-06-18 12:08:40'),
	(21, '', '2013-06-18 12:08:42'),
	(21, '', '2013-06-18 12:08:46'),
	(21, '', '2013-06-18 12:08:50'),
	(21, '', '2013-06-18 12:08:54'),
	(21, '', '2013-06-18 12:08:58'),
	(21, '', '2013-06-18 12:09:03'),
	(21, '', '2013-06-18 12:09:07'),
	(21, '', '2013-06-18 12:09:11'),
	(21, '', '2013-06-18 12:09:15'),
	(21, '', '2013-06-18 12:09:19'),
	(21, '', '2013-06-18 12:09:27'),
	(21, '', '2013-06-18 12:09:35'),
	(21, '', '2013-06-18 12:09:43'),
	(21, '', '2013-06-18 12:09:52'),
	(21, '', '2013-06-18 12:10:00'),
	(21, '', '2013-06-18 12:10:08'),
	(21, '', '2013-06-18 12:10:16'),
	(21, '', '2013-06-18 12:10:24'),
	(21, '', '2013-06-18 12:10:32'),
	(21, '', '2013-06-18 12:10:48'),
	(21, '', '2013-06-18 12:11:04'),
	(21, '', '2013-06-18 12:11:20'),
	(21, '', '2013-06-18 13:01:32'),
	(21, '', '2013-06-18 13:01:33'),
	(21, '', '2013-06-18 13:01:34'),
	(21, '', '2013-06-18 13:01:35'),
	(21, '', '2013-06-18 13:01:36'),
	(21, '', '2013-06-18 13:01:38'),
	(21, '', '2013-06-18 13:01:39'),
	(21, '', '2013-06-18 13:01:40'),
	(21, '', '2013-06-18 13:01:41'),
	(21, '', '2013-06-18 13:01:42'),
	(21, '', '2013-06-18 13:01:43'),
	(21, '', '2013-06-18 13:01:45'),
	(21, '', '2013-06-18 13:01:47'),
	(21, '', '2013-06-18 13:01:49'),
	(21, '', '2013-06-18 13:01:52'),
	(21, '', '2013-06-18 13:01:54'),
	(21, '', '2013-06-18 13:01:56'),
	(21, '', '2013-06-18 13:01:58'),
	(21, '', '2013-06-18 13:02:00'),
	(21, '', '2013-06-18 13:02:02'),
	(21, '', '2013-06-18 13:02:06'),
	(21, '', '2013-06-18 13:02:10'),
	(21, '', '2013-06-18 13:02:14'),
	(21, '', '2013-06-18 13:02:19'),
	(21, '', '2013-06-18 13:02:23'),
	(21, '', '2013-06-18 13:02:27'),
	(21, '', '2013-06-18 13:02:31'),
	(21, '', '2013-06-18 13:02:35'),
	(21, '', '2013-06-18 13:02:39'),
	(21, '', '2013-06-18 13:02:47'),
	(21, '', '2013-06-18 13:02:56'),
	(21, '', '2013-06-18 13:03:04'),
	(21, '', '2013-06-18 13:03:12'),
	(21, '', '2013-06-18 13:03:20'),
	(21, '', '2013-06-18 13:03:28'),
	(21, '', '2013-06-18 13:03:36'),
	(21, '', '2013-06-18 13:03:44'),
	(21, '', '2013-06-18 13:03:52'),
	(21, '', '2013-06-18 13:04:08'),
	(21, '', '2013-06-18 13:04:25'),
	(21, '', '2013-06-18 13:04:41'),
	(21, '', '2013-06-18 13:04:57'),
	(21, '', '2013-06-18 13:05:13'),
	(21, '', '2013-06-18 13:05:29'),
	(21, '', '2013-06-18 13:05:45'),
	(21, '', '2013-06-18 13:06:01'),
	(21, '', '2013-06-18 13:06:17'),
	(21, '', '2013-06-18 13:06:49'),
	(21, '', '2013-06-18 13:07:21'),
	(21, '', '2013-06-18 13:07:54'),
	(21, '', '2013-06-18 13:08:26'),
	(21, '', '2013-06-18 13:08:58'),
	(21, '', '2013-06-18 13:09:30'),
	(21, '', '2013-06-18 13:10:02'),
	(21, '', '2013-06-18 13:10:34'),
	(21, '', '2013-06-18 13:11:21');
/*!40000 ALTER TABLE `record_status` ENABLE KEYS */;


-- Dumping structure for table allsmiles.role
DROP TABLE IF EXISTS `role`;
CREATE TABLE IF NOT EXISTS `role` (
  `role_id` int(11) NOT NULL AUTO_INCREMENT,
  `name` varchar(20) NOT NULL,
  PRIMARY KEY (`role_id`),
  UNIQUE KEY `uniq` (`name`)
) ENGINE=InnoDB AUTO_INCREMENT=6 DEFAULT CHARSET=latin1;

-- Dumping data for table allsmiles.role: ~5 rows (approximately)
/*!40000 ALTER TABLE `role` DISABLE KEYS */;
INSERT INTO `role` (`role_id`, `name`) VALUES
	(2, 'doctor'),
	(4, 'normaluser'),
	(3, 'patientuser'),
	(5, 'receptionist'),
	(1, 'superadmin');
/*!40000 ALTER TABLE `role` ENABLE KEYS */;


-- Dumping structure for table allsmiles.specialties
DROP TABLE IF EXISTS `specialties`;
CREATE TABLE IF NOT EXISTS `specialties` (
  `specialist_id` int(11) unsigned NOT NULL AUTO_INCREMENT,
  `title` varchar(50) NOT NULL,
  `description` varchar(500) DEFAULT NULL,
  PRIMARY KEY (`specialist_id`)
) ENGINE=InnoDB AUTO_INCREMENT=5 DEFAULT CHARSET=latin1;

-- Dumping data for table allsmiles.specialties: ~4 rows (approximately)
/*!40000 ALTER TABLE `specialties` DISABLE KEYS */;
INSERT INTO `specialties` (`specialist_id`, `title`, `description`) VALUES
	(1, 'Orthondontists', NULL),
	(2, 'Anesthetic', NULL),
	(3, 'Dental Assistant', NULL),
	(4, 'Dentist', NULL);
/*!40000 ALTER TABLE `specialties` ENABLE KEYS */;


-- Dumping structure for table allsmiles.subscription_list
DROP TABLE IF EXISTS `subscription_list`;
CREATE TABLE IF NOT EXISTS `subscription_list` (
  `sl_id` int(10) unsigned NOT NULL AUTO_INCREMENT,
  `subscription_id` int(10) unsigned NOT NULL,
  `record_id` int(10) unsigned NOT NULL,
  `activated` datetime DEFAULT NULL,
  `expires` datetime DEFAULT NULL,
  `status` char(50) DEFAULT 'NOT ACTIVE',
  PRIMARY KEY (`sl_id`),
  KEY `FK_subscription_list_subscription_package` (`subscription_id`),
  CONSTRAINT `FK_subscription_list_subscription_package` FOREIGN KEY (`subscription_id`) REFERENCES `subscription_package` (`sp_id`) ON DELETE CASCADE ON UPDATE CASCADE
) ENGINE=InnoDB DEFAULT CHARSET=utf8;

-- Dumping data for table allsmiles.subscription_list: ~0 rows (approximately)
/*!40000 ALTER TABLE `subscription_list` DISABLE KEYS */;
/*!40000 ALTER TABLE `subscription_list` ENABLE KEYS */;


-- Dumping structure for table allsmiles.subscription_package
DROP TABLE IF EXISTS `subscription_package`;
CREATE TABLE IF NOT EXISTS `subscription_package` (
  `sp_id` int(10) unsigned NOT NULL AUTO_INCREMENT,
  `sp_title` varchar(50) NOT NULL,
  `sp_type` varchar(50) NOT NULL,
  `sp_duration` int(10) unsigned NOT NULL,
  `sp_amount` int(10) unsigned NOT NULL,
  PRIMARY KEY (`sp_id`)
) ENGINE=InnoDB AUTO_INCREMENT=3 DEFAULT CHARSET=utf8;

-- Dumping data for table allsmiles.subscription_package: ~2 rows (approximately)
/*!40000 ALTER TABLE `subscription_package` DISABLE KEYS */;
INSERT INTO `subscription_package` (`sp_id`, `sp_title`, `sp_type`, `sp_duration`, `sp_amount`) VALUES
	(1, 'Monthly', 'Basic', 31, 5000),
	(2, 'Family Package', 'Prestige', 60, 9000);
/*!40000 ALTER TABLE `subscription_package` ENABLE KEYS */;


-- Dumping structure for table allsmiles.transaction
DROP TABLE IF EXISTS `transaction`;
CREATE TABLE IF NOT EXISTS `transaction` (
  `trans_id` int(20) unsigned NOT NULL AUTO_INCREMENT,
  `record_id` int(10) unsigned NOT NULL,
  `trans_name` text NOT NULL,
  `trans_no` varchar(255) NOT NULL DEFAULT '',
  `trans_amount` decimal(10,2) NOT NULL,
  `trans_date` datetime NOT NULL,
  `generated_date` datetime NOT NULL,
  `trans_year` year(4) NOT NULL,
  `trans_status` set('Paid','Not Paid') NOT NULL DEFAULT 'Not Paid',
  PRIMARY KEY (`trans_id`),
  KEY `user_id` (`record_id`),
  KEY `trans_no` (`trans_no`),
  CONSTRAINT `FK_transaction_record` FOREIGN KEY (`record_id`) REFERENCES `record` (`record_id`) ON DELETE CASCADE ON UPDATE CASCADE
) ENGINE=InnoDB DEFAULT CHARSET=latin1;

-- Dumping data for table allsmiles.transaction: ~0 rows (approximately)
/*!40000 ALTER TABLE `transaction` DISABLE KEYS */;
/*!40000 ALTER TABLE `transaction` ENABLE KEYS */;


-- Dumping structure for table allsmiles.treatment
DROP TABLE IF EXISTS `treatment`;
CREATE TABLE IF NOT EXISTS `treatment` (
  `tid` int(10) unsigned NOT NULL AUTO_INCREMENT,
  `treatment_title` char(50) NOT NULL,
  `specialist_id` int(10) unsigned NOT NULL,
  `treatment_price` int(10) unsigned NOT NULL,
  PRIMARY KEY (`tid`),
  KEY `FK_treatment_specialties` (`specialist_id`),
  CONSTRAINT `FK_treatment_specialties` FOREIGN KEY (`specialist_id`) REFERENCES `specialties` (`specialist_id`) ON DELETE NO ACTION ON UPDATE NO ACTION
) ENGINE=InnoDB AUTO_INCREMENT=29 DEFAULT CHARSET=utf8;

-- Dumping data for table allsmiles.treatment: ~28 rows (approximately)
/*!40000 ALTER TABLE `treatment` DISABLE KEYS */;
INSERT INTO `treatment` (`tid`, `treatment_title`, `specialist_id`, `treatment_price`) VALUES
	(1, 'Base Chart', 4, 300),
	(2, 'Bridge Prep', 4, 300),
	(3, 'Conservation', 4, 300),
	(4, 'Crown Addition', 4, 300),
	(5, 'Crown Fit', 4, 300),
	(6, 'Crown Prep', 4, 300),
	(7, 'Denture Bite', 4, 300),
	(8, 'Denture Fit', 4, 300),
	(9, 'Denture Imps', 4, 300),
	(10, 'Denture Try In', 4, 300),
	(11, 'Emergency Broken Teeth', 4, 300),
	(12, 'Emergency Lost Fill', 4, 300),
	(13, 'Emergency Swelling', 4, 300),
	(14, 'Emergency Toothache', 4, 300),
	(15, 'Examination', 4, 300),
	(16, 'Extraction', 4, 300),
	(17, 'Filling', 4, 300),
	(18, 'Non-Surgical', 4, 300),
	(19, 'Other', 4, 300),
	(20, 'Periodontal', 4, 300),
	(21, 'SP', 4, 300),
	(22, 'Static Chart', 4, 300),
	(23, 'Surgical', 1, 300),
	(24, 'Surgical Extraction', 1, 300),
	(25, 'Tooth Whitening', 4, 300),
	(26, 'Veneer Fit', 1, 300),
	(27, 'Veneer Prep', 4, 300),
	(28, 'Regular Checkup', 3, 100);
/*!40000 ALTER TABLE `treatment` ENABLE KEYS */;
/*!40101 SET SQL_MODE=IFNULL(@OLD_SQL_MODE, '') */;
/*!40014 SET FOREIGN_KEY_CHECKS=IF(@OLD_FOREIGN_KEY_CHECKS IS NULL, 1, @OLD_FOREIGN_KEY_CHECKS) */;
/*!40101 SET CHARACTER_SET_CLIENT=@OLD_CHARACTER_SET_CLIENT */;
